,refCount,postCount,changeCount,commitCount,smellCount,hasSmell,LOC,Nesting,WMC,DIT,NOC,CBO,RFC,LCOM,ADD,ADDING_ATTRIBUTE_MODIFIABILITY,ADDING_CLASS_DERIVABILITY,ADDING_METHOD_OVERRIDABILITY,ADDITIONAL_CLASS,ADDITIONAL_FUNCTIONALITY,ADDITIONAL_OBJECT_STATE,ALTERNATIVE_PART_DELETE,ALTERNATIVE_PART_INSERT,ATTRIBUTE_RENAMING,ATTRIBUTE_TYPE_CHANGE,CLASS_RENAMING,COMMENT_DELETE,COMMENT_INSERT,COMMENT_MOVE,COMMENT_UPDATE,CONDITION_EXPRESSION_CHANGE,DECREASING_ACCESSIBILITY_CHANGE,DELETE,DOC_DELETE,DOC_INSERT,DOC_UPDATE,METHOD_RENAMING,MODIFY,PARAMETER_DELETE,PARAMETER_INSERT,PARAMETER_ORDERING_CHANGE,PARAMETER_RENAMING,PARAMETER_TYPE_CHANGE,PARENT_CLASS_CHANGE,PARENT_CLASS_DELETE,PARENT_CLASS_INSERT,PARENT_INTERFACE_CHANGE,PARENT_INTERFACE_DELETE,PARENT_INTERFACE_INSERT,REMOVED_CLASS,REMOVED_FUNCTIONALITY,REMOVED_OBJECT_STATE,REMOVING_ATTRIBUTE_MODIFIABILITY,REMOVING_CLASS_DERIVABILITY,REMOVING_METHOD_OVERRIDABILITY,RETURN_TYPE_CHANGE,RETURN_TYPE_DELETE,RETURN_TYPE_INSERT,STATEMENT_DELETE,STATEMENT_INSERT,STATEMENT_ORDERING_CHANGE,STATEMENT_PARENT_CHANGE,STATEMENT_UPDATE,UNCLASSIFIED_CHANGE,ForwardEngineering,ReEngineering,CorrectiveEngineering,Management,usageCount,refDensity,postDensity
refCount,1,0.989295824585872,0.447758758514515,0.470852238363819,0.21586766217554,0.215967985415776,0.464975974843133,0.357180368524256,0.528599666955174,0.0145418876751937,0.195115478362802,0.482670607496115,0.425323143484942,0.401491188709996,-0.22443838152443,0.142270411929539,0.00465830167693043,0.0829370388983523,0.14699354719984,0.33949261101064,0.251946419652301,0.354898365008289,0.284846293390589,0.210207803830842,0.164680717426899,0.0476605873984636,0.32632643140996,0.324770957287244,0.264921092774145,0.236901447685113,0.318506474405064,0.231882995669782,0.255524295487114,0.225129492168178,0.144883266972611,0.345733855222796,0.250061471786629,0.481444081227859,0.245605126462196,0.21582273151611,0.115933444714465,0.154082174749774,0.179151129590557,0.0372332941681121,0.0540920396406777,0.0861751271633399,0.0997210207886243,0.0819636696387762,0.0974232114375661,0.239275568448599,0.458714262499644,0.328712911366984,0.150005596254394,-0.00100894357108095,0.1079350583309,0.113712634678438,0.209993113346117,0.148584345789739,0.397834219481854,0.38684347078476,0.27133391754514,0.390211618700563,0.389526917371136,0.125414309824716,0.407336685118499,0.420496814749862,0.453230100996351,0.438834176596036,0.641045379650671,0.432481785667567,0.345891724942079
postCount,0.989295824585872,1,0.421966833201911,0.444473831255393,0.21313690185378,0.213162735194006,0.435752401830731,0.334086336046173,0.501401360033564,0.0297502890598226,0.208839677954079,0.459254440371088,0.412976009229249,0.375076731103875,-0.23477325248541,0.127923484520218,-0.00253366175326328,0.0808538538072668,0.1231597969837,0.315723313109035,0.234259901749533,0.336553143590831,0.267729946753638,0.189362510645019,0.155050660106906,0.0369669806014434,0.302497145903736,0.305981505532089,0.24649796177324,0.224642594588113,0.30125244862671,0.21363832640025,0.264136503359984,0.207742726883468,0.129594298651994,0.318350390881502,0.23128768975337,0.455382970790165,0.223277468676063,0.195928888131721,0.0992195624439227,0.139388431755856,0.169242013642749,0.0200461972394932,0.0577243747366369,0.0766685835467384,0.105961593101497,0.0777068557984909,0.0929198202424794,0.217584669178578,0.435195002857761,0.309434610411421,0.13894176668569,-0.00593605707508786,0.109647984711812,0.101538950958028,0.196487179411372,0.133133082305555,0.373670005262406,0.363167314194417,0.256271185082797,0.370643555207883,0.366903347767794,0.108186572334846,0.384656346563037,0.395033954227417,0.42738229973551,0.413292004823467,0.618742072426343,0.441533789481905,0.37808801224453
changeCount,0.447758758514515,0.421966833201911,1,0.936112235763153,0.311729905542625,0.311266911525445,0.788103123893071,0.613760927173876,0.74202097571718,-0.0595000132194676,-0.0111007481151494,0.72455351925241,0.453991019242544,0.642705875635032,0.0335879482121233,0.33286102721309,0.168485624125657,0.148554347256645,0.426688713645463,0.711434441832202,0.703713512476034,0.689245541494127,0.646946844021886,0.586646999287027,0.423332142392477,0.186055893977793,0.717766523803623,0.700394678707298,0.534184553126303,0.462339125163465,0.724698712210365,0.498452889590767,0.0137423787843155,0.577777696678999,0.411144379988874,0.761589225097123,0.5953602593372,0.938774576279492,0.64959803604184,0.585440362562935,0.282915225450015,0.446354675036151,0.350590220109591,0.117011769915631,0.156385195936,0.14363372314843,0.129056093491286,0.118575403265029,0.130833195891536,0.515948895639637,0.85387718298511,0.832313802445417,0.287934916145737,0.0161334940169009,0.164816635641831,0.377517262485346,0.346273736566646,0.281490724638866,0.910244345760464,0.882197762461324,0.631168008541172,0.794464095886543,0.865820237393004,0.393570958755338,0.933301880921423,0.972979543594309,0.929729968662174,0.989256933457337,0.295833436802444,0.199819200380872,0.131456732493716
commitCount,0.470852238363819,0.444473831255393,0.936112235763153,1,0.313409232704096,0.313009323547049,0.746084832827147,0.560995094514244,0.698492934358704,-0.0210560028431624,0.0384892258273499,0.705326952187672,0.477558903218724,0.638754995663294,0.0724810388783962,0.287136773370781,0.155504184754272,0.14241353486189,0.380210698017554,0.655293378278405,0.636425115890555,0.624620015720875,0.565334206641381,0.560592559981085,0.385291724999539,0.1600347845903,0.657401976316723,0.619936833826097,0.49640048657451,0.42543770890383,0.656334703243914,0.471644847767244,0.0174853621632247,0.554013490107042,0.366032840998983,0.737841180497422,0.556463568980183,0.996052494343168,0.604075591286396,0.529671672402685,0.267840895235661,0.42389093207046,0.331078274218056,0.0961467148113931,0.125432315812055,0.139742647485335,0.138833851359269,0.0831794066429624,0.116066859836863,0.495091159137229,0.822684102719778,0.78147300680597,0.277285331805739,-0.0261743039015607,0.160100727882484,0.357597141527701,0.31719204308777,0.271170659613831,0.807447931768669,0.772908071428266,0.560909064267163,0.712950890240075,0.794084772769366,0.348053462701645,0.883928605339384,0.912411300512019,0.893170241531965,0.93650065647851,0.34142032712198,0.169130834726061,0.0974679915429693
smellCount,0.21586766217554,0.21313690185378,0.311729905542625,0.313409232704096,1,0.999541233661185,0.328206468874547,0.268693380389654,0.32726197499748,0.0778951872399697,0.0419277051980676,0.302979305298922,0.260015880176227,0.265611830257615,-0.00427978093092605,0.137005018325289,0.0489519353027572,0.0451875301751223,0.153675346913652,0.236632007875293,0.217739649416164,0.339544459103467,0.277436302719478,0.190722439028015,0.114858446017265,0.0507630908481094,0.299594007514394,0.291490123123867,0.264854288510251,0.235122998469464,0.309551400334395,0.210736336484148,0.0242566071364786,0.182836946939447,0.148359744653781,0.235238217042499,0.258704725969712,0.314208047662534,0.214283134657219,0.205723071161189,0.13820845844444,0.117433332946913,0.112078198058302,0.0246789415306203,0.117573830909134,0.026338022518108,0.056517666501766,0.000367102328634304,0.0293655007070338,0.17420452616644,0.28027784773273,0.271814088722952,0.173216919801165,0.00927360990697075,0.0392491032775461,0.123387530525363,0.146716208180112,0.119473525535047,0.326220739311757,0.285573355431125,0.3094184187042,0.311377773533492,0.297407799752601,0.133135214340761,0.299708007515911,0.297511892136439,0.314467071883436,0.303106718061327,0.138078070358021,0.100758204709733,0.0763239842549965
hasSmell,0.215967985415776,0.213162735194006,0.311266911525445,0.313009323547049,0.999541233661185,1,0.327665589069753,0.267635002461422,0.326538664160992,0.0769248351827116,0.0426670889781437,0.301836377835677,0.259194581635972,0.265068724190559,-0.00563658623090749,0.13868662063258,0.0496900563018567,0.0457252940520591,0.155363461430615,0.236794167962326,0.217758342792705,0.338588923798486,0.277034450410654,0.191877122091101,0.111970867722862,0.0514046909689198,0.299799341071595,0.291355055904851,0.264599128692489,0.235805772806759,0.309344639470347,0.212174921208974,0.024410303051624,0.183492227994264,0.150078934063283,0.235368779968308,0.260326092467872,0.313796246090311,0.215270434147897,0.207041612266619,0.139511490535733,0.117847215612944,0.113478660506582,0.0250299901075954,0.11853002904383,0.0268045231267565,0.0571001383682871,0.00108189191090086,0.0299292878364902,0.174265491182826,0.279910182380839,0.271822106931494,0.17471641940022,0.00949170169093401,0.0398075886078093,0.124849001522314,0.148206483821234,0.120656403448557,0.325508086023016,0.285323582953627,0.309957280565668,0.310444839306832,0.297097354324586,0.133220422229574,0.300004221674502,0.297185018455473,0.313793224135842,0.302830447843766,0.13735747263318,0.101388594911667,0.0767254968897525
LOC,0.464975974843133,0.435752401830731,0.788103123893071,0.746084832827147,0.328206468874547,0.327665589069753,1,0.784403673001272,0.896625879297087,-0.0143225458390508,-0.0776886135661701,0.864004149009484,0.604990203366833,0.727755420747008,0.00200397045217582,0.27310433149153,0.118019254875143,0.108282295951728,0.355626480229964,0.527596309733152,0.503815526313891,0.634786661601721,0.516139595293287,0.469696686890079,0.348169976639456,0.17427201433861,0.606098789818163,0.550414693701511,0.476991237028024,0.388827929736432,0.651302405318634,0.402521026666116,0.0136623388964946,0.436841444410143,0.317638195262557,0.543990605331438,0.510881915427436,0.749472213413647,0.519078043227399,0.458121916178413,0.212176603702394,0.34577429597412,0.288951861522569,0.0906329750153117,0.112677134560167,0.132945404332047,0.123906370369423,0.0923503900946838,0.0663671827520868,0.462152614151912,0.717280116074404,0.664696422278332,0.222567918906079,0.00128372983043639,0.128536420942146,0.303895411846144,0.27462118856888,0.240738193843573,0.780160583920532,0.730261762047326,0.567562335580387,0.699261985963825,0.759020177948825,0.282854848830334,0.726273983309749,0.75812488915382,0.765439381942929,0.76927647864656,0.273901869629748,0.241546387981391,0.16901452832547
Nesting,0.357180368524256,0.334086336046173,0.613760927173876,0.560995094514244,0.268693380389654,0.267635002461422,0.784403673001272,1,0.820340503700049,0.0452980598665033,-0.110154227687495,0.772998053809593,0.501494153311874,0.54648263015539,-0.0202596425288653,0.199191608757845,0.0546796983747679,0.110306788144633,0.260255386848883,0.348409147575151,0.351119916181562,0.545271125840477,0.465121336016831,0.315980324377223,0.287640921107578,0.105030095093918,0.545053328814154,0.484353149399762,0.420217387870032,0.34668794128901,0.565283637123425,0.273295254104,0.0258975682636431,0.289739956143813,0.219143443719721,0.361312219374667,0.385951805728192,0.567652636083961,0.372545073572242,0.328213859594421,0.130959176742558,0.266928293398143,0.1989186434572,0.076827651387194,0.098509192443185,0.120890499974245,0.0918847919827506,0.065519367689254,0.0280060831160789,0.308528073573082,0.530158609568463,0.467330154554852,0.180567526309183,-0.0333348886492703,0.115905967467586,0.207544270592204,0.213420933400305,0.18270470817887,0.656079672215267,0.626702143677198,0.473448526313312,0.613008005914942,0.643291767326995,0.221006674296025,0.549152726127161,0.59406126674054,0.607231833013086,0.597783051334569,0.19806321914854,0.212157741443579,0.158171633673068
WMC,0.528599666955174,0.501401360033564,0.74202097571718,0.698492934358704,0.32726197499748,0.326538664160992,0.896625879297087,0.820340503700049,1,-0.0234566245003376,-0.0229256102058567,0.873587266800704,0.624778904482058,0.652388062099335,-0.0302182056170607,0.25610839491204,0.0971021522656927,0.102569270902568,0.308330728800389,0.514228623481817,0.442352472368196,0.608262508340562,0.49834767516341,0.406341757107523,0.320813674554214,0.120870517954584,0.587345787617741,0.538224923066361,0.453075430389234,0.38014363309862,0.619757979371582,0.359082408935927,0.037943960456908,0.390454339463973,0.290140289512758,0.519054539536512,0.483020720234565,0.705558050508752,0.47284880547784,0.439144419733738,0.219913410652534,0.33867348254792,0.284736218134209,0.0679312114371127,0.108781287512979,0.125266699416347,0.0931799649621048,0.112432682099504,0.0309632715142171,0.373564473793539,0.716275664130672,0.580907465036059,0.222941881297957,-0.000648998759128474,0.12061855904834,0.295910908152949,0.275116068652955,0.233473092943668,0.729205195701173,0.701273635073876,0.522989601992988,0.662191561945537,0.714255968613882,0.271425544226846,0.680035552859463,0.714981016436537,0.722450548767537,0.723328923904479,0.32557294725401,0.265605182468338,0.192691117684087
DIT,0.0145418876751937,0.0297502890598226,-0.0595000132194676,-0.0210560028431624,0.0778951872399697,0.0769248351827116,-0.0143225458390508,0.0452980598665033,-0.0234566245003376,1,0.0540484500244697,0.0842861571751949,0.525513587779437,-0.0668615939142379,-0.143266902618499,-0.00925181333092786,0.021089161286136,0.0355660737891227,-0.0264356572260477,-0.0317291584308391,-0.0540888231434278,0.00161623000648407,0.0161711026375418,-0.0856349648997342,-0.019216695063851,0.0365099751530542,0.024900779760749,0.0233516028008872,0.0440312138603102,0.100624457193206,0.0418566983894636,-0.0652609064349704,0.116639883101486,-0.0704479387452289,-0.0332038143709819,-0.168860693720698,-0.0092462689418285,-0.0129922948637284,-0.0640367851317431,-0.0244828575977577,-0.0357877260963375,-0.0357010617448731,-0.071069393287385,0.057038606411252,0.0445272768621904,-0.0275674867403427,0.0468922370017389,0.0100099434234602,0.00683905861768613,-0.0575350222699874,-0.00952587095593505,-0.096733264937695,-0.00966546024219122,-0.0302540008084591,-0.0135953737435871,-0.0926572707084848,0.0553461502830385,0.0380944956738795,-0.0133689413968751,-0.0216146588957266,0.0267860215014922,0.000595282397958514,0.00495074480424519,-0.00550646956254851,-0.0813481497838808,-0.0917016754359782,-0.00616740367851005,-0.0705650568093484,-0.0318625209144557,0.0660659617145847,0.0811584090962766
NOC,0.195115478362802,0.208839677954079,-0.0111007481151494,0.0384892258273499,0.0419277051980676,0.0426670889781437,-0.0776886135661701,-0.110154227687495,-0.0229256102058567,0.0540484500244697,1,-0.0279009789284905,0.00759457909845687,-0.0114515333811932,-0.184086870086579,-0.0638707624145757,-0.082972238184147,0.0708891782616874,0.000184667853569993,0.0305546455632401,-0.00103544356292694,0.030883848160473,0.0417891962782647,-0.047642291814753,0.0134487746587426,-0.000650434510706963,0.0245004317281952,0.0152664394104446,0.0843198391262665,0.0661904461837528,0.0172704666921621,0.0930833114843282,0.182122921092621,0.0408842792840186,0.0192467287745742,0.00640672240685989,0.0210327510558671,0.0473701514064475,0.0246758476902914,0.0205684459792422,0.0454468247668995,0.0181569087725274,0.0638333935997023,-0.00341860334799424,0.0130616164590668,0.00137591191515198,0.134913015846364,0.014815135588575,0.0809724755831789,0.0892305350620302,0.0295371994621044,-0.0065363791566765,0.0175709970867686,-0.0143627306254378,0.0716861748331179,-0.0110636921224425,0.0346197726715862,0.0295554140178195,-0.0495463241659587,-0.0131632345660803,0.0312240040699785,0.0249033908386772,-0.0341123471165873,0.08570651476381,0.00523161785607349,0.00359680046128733,0.0285066099456314,-0.0108501942567325,0.223878638953503,-0.0228308382293689,-0.0248248252400005
CBO,0.482670607496115,0.459254440371088,0.72455351925241,0.705326952187672,0.302979305298922,0.301836377835677,0.864004149009484,0.772998053809593,0.873587266800704,0.0842861571751949,-0.0279009789284905,1,0.641190219851103,0.668063331203237,-0.0180046349214636,0.271450726112898,0.104807969623415,0.124290139067953,0.347771203125293,0.492429394359672,0.469293182923734,0.59196749724064,0.495932637155285,0.400160559238303,0.344941756331708,0.150752887791852,0.594670874233034,0.544014633288858,0.475588369835384,0.353204097637561,0.597164244566088,0.338683056213137,0.0182744704314446,0.372006053890373,0.270482236208828,0.491976334200525,0.502067017039198,0.710532959075341,0.484566922107179,0.449000312605026,0.22176829727875,0.336059695506855,0.298222209449399,0.100164691335236,0.0972774407327584,0.105541095392058,0.119225021015435,0.109605329664513,0.0708939373712603,0.423587467866053,0.685989693941824,0.584357210726904,0.199165023050632,-0.0053912968297649,0.115023099626184,0.319228559029664,0.269343219041993,0.239676994363496,0.72236957754221,0.696056840412186,0.513394328668814,0.647270804120911,0.703002940185351,0.258386215474055,0.656110019513034,0.687201577950022,0.706393013688751,0.706553934166121,0.278060836274142,0.267854369009253,0.201088225221083
RFC,0.425323143484942,0.412976009229249,0.453991019242544,0.477558903218724,0.260015880176227,0.259194581635972,0.604990203366833,0.501494153311874,0.624778904482058,0.525513587779437,0.00759457909845687,0.641190219851103,1,0.467504811282557,-0.070893571745835,0.147860713660437,0.0629526981473623,0.106901069490344,0.211892711881206,0.349164476578603,0.283976789232253,0.390173593734304,0.322512000221752,0.243484740225001,0.199819385314653,0.102442890027868,0.387326844150329,0.371331745376866,0.310630291129747,0.26995417476585,0.403035090457195,0.22025712195201,0.058797512330995,0.226251856028755,0.179798005879748,0.247438840811203,0.344189118704836,0.481506013020877,0.287004021486789,0.288197750339396,0.148103524406923,0.212335862131386,0.163126799470849,0.0763423101483179,0.0846867054562856,0.0768676056321658,0.101447428606103,0.0325892484895243,0.0602175801434186,0.231122247456744,0.517651186851243,0.337068604915631,0.144241421479627,-0.0115816117623998,0.0831403905225506,0.161706472661045,0.226551653553131,0.184991971919462,0.44948841830488,0.436163040675936,0.346230017070523,0.419015506318216,0.460241301752746,0.205779998272874,0.42507381887736,0.426122451162846,0.494692480756147,0.438575951126111,0.236653975689797,0.245478507007562,0.194287401890548
LCOM,0.401491188709996,0.375076731103875,0.642705875635032,0.638754995663294,0.265611830257615,0.265068724190559,0.727755420747008,0.54648263015539,0.652388062099335,-0.0668615939142379,-0.0114515333811932,0.668063331203237,0.467504811282557,1,0.0525088738431465,0.234860011550281,0.140001739075405,0.132500000684509,0.308386662837089,0.422428329186729,0.451253905170041,0.447216505876224,0.397202484584617,0.43093380863471,0.270094525155419,0.128634986786506,0.452768026238279,0.460740312296872,0.3885361478585,0.299416181967768,0.480251350277637,0.361205826780589,-0.0209545979888329,0.399381088003203,0.256683809329892,0.540199449181978,0.434737732355382,0.638304246381381,0.419769173614762,0.380053755679421,0.208933059994499,0.289350778214194,0.266431960606781,0.0536009733704243,0.0973738596937876,0.085402180063335,0.108940514522547,0.00308967742816076,0.0392768305972424,0.419080108583455,0.585715855135512,0.614530104156249,0.201894940818407,0.0111384315753345,0.125390649896002,0.27409988808748,0.25503095823173,0.193368801093695,0.576999058331709,0.552855515549852,0.422816823536798,0.498715091262108,0.54931069219909,0.254381643699555,0.590276682149406,0.627695547412228,0.60680448086537,0.629900345871224,0.236423256856322,0.217424927476109,0.151337197105766
ADD,-0.22443838152443,-0.23477325248541,0.0335879482121233,0.0724810388783962,-0.00427978093092605,-0.00563658623090749,0.00200397045217582,-0.0202596425288653,-0.0302182056170607,-0.143266902618499,-0.184086870086579,-0.0180046349214636,-0.070893571745835,0.0525088738431465,1,-0.0447364796514749,0.0833771126740846,-0.0261434455644489,-0.00342089534971438,0.0358167227666953,0.00452003781456661,-0.055210062592412,-0.0295208395676371,0.0317507093302566,0.0240096817950639,0.0856896477313645,-0.0468060107796007,-0.0212237407443529,-0.0383228767557961,-0.0026271883408045,-0.0384875726545709,-0.00314925346202711,-0.78477984648295,0.071068751891789,0.0237475768034223,0.149966724876438,0.0758148421911021,0.0163131576538794,0.0390819042980224,0.0474339033900577,0.0357527125898647,0.0370680356309957,0.0782127741645429,0.049591247324932,-0.0172683594558881,0.115988983795766,-0.0312773443774307,-0.0054013601481407,0.0196308886242735,0.000455806005067799,-0.0227763665963003,-0.000727455327831828,-0.0169243419424484,0.0120833181691794,-0.0434387984745046,0.0671130962155783,0.0447061728223979,-0.0056442286631959,-0.033244614388919,-0.026419243533396,-0.0225129242119502,-0.0721774075289572,-0.00429780846214435,0.0433273964309283,0.0449745344270591,0.0710608796189306,0.00364828265129722,0.0624196770739016,-0.383784166194486,0.165334330465381,0.16958141518696
ADDING_ATTRIBUTE_MODIFIABILITY,0.142270411929539,0.127923484520218,0.33286102721309,0.287136773370781,0.137005018325289,0.13868662063258,0.27310433149153,0.199191608757845,0.25610839491204,-0.00925181333092786,-0.0638707624145757,0.271450726112898,0.147860713660437,0.234860011550281,-0.0447364796514749,1,0.243304515305487,0.0804220225992185,0.260667096528243,0.317675689046909,0.328046379313093,0.25644117853553,0.279988768568577,0.316753591020238,0.281247105981968,0.0603258333640244,0.30793116573565,0.326642304982808,0.258365269580398,0.281928046319829,0.336797099324074,0.218226117680752,0.0434889324312281,0.253388050870659,0.23665076793484,0.268570576397401,0.280816094882952,0.291455888914101,0.269263177088602,0.255988100013335,0.126233510632713,0.195536419424343,0.202070817605033,0.105188182720499,0.102671724699459,0.0550533449396988,0.0423265778496902,0.173000315441043,0.0620983016899985,0.25677501807106,0.327317140189106,0.276063092032509,0.253362204100904,0.0666503990100586,0.0711709885038911,0.206163759356505,0.190849923828268,0.203787943405286,0.320106210625115,0.335764363541284,0.309899504788099,0.301348678109636,0.301134061127212,0.196341591234569,0.290450123448907,0.308366686508996,0.309592114077049,0.325934952722668,0.108236519366746,0.0648101557227669,0.0383575848458157
ADDING_CLASS_DERIVABILITY,0.00465830167693043,-0.00253366175326328,0.168485624125657,0.155504184754272,0.0489519353027572,0.0496900563018567,0.118019254875143,0.0546796983747679,0.0971021522656927,0.021089161286136,-0.082972238184147,0.104807969623415,0.0629526981473623,0.140001739075405,0.0833771126740846,0.243304515305487,1,0.0225187608772192,0.194448277001583,0.204842233509235,0.169002749621728,0.0759678332052125,0.0736627995750724,0.12965095346361,0.110844284204608,0.221339242154064,0.155167718265535,0.111458137712355,0.117544037437399,0.0804000023948311,0.149445494067681,0.088917168110722,-0.101858441491879,0.181631797138371,0.218000091927721,0.172546377428882,0.14693718575,0.154938113078256,0.209112800466067,0.173262207934174,0.18113315929299,0.129437802227446,0.168730074190932,0.0394997722998874,0.0217269045705573,0.0885960569017132,0.0749551685058309,0.0930262417305459,-0.00340345087410931,0.153367026856731,0.169974245991409,0.153350755515229,0.211101976879914,-0.0147186413496641,0.0473977220132621,0.100315082422803,0.0608912302155232,0.112421615308338,0.142128000558048,0.135489367374797,0.0876984029067285,0.0815400758279538,0.146415264688374,0.0544986126764134,0.161442090338392,0.166787485753716,0.141880949956356,0.169772794999658,-0.0536211999261661,0.0667628919047806,0.0562944767532773
ADDING_METHOD_OVERRIDABILITY,0.0829370388983523,0.0808538538072668,0.148554347256645,0.14241353486189,0.0451875301751223,0.0457252940520591,0.108282295951728,0.110306788144633,0.102569270902568,0.0355660737891227,0.0708891782616874,0.124290139067953,0.106901069490344,0.132500000684509,-0.0261434455644489,0.0804220225992185,0.0225187608772192,1,0.0655821918108146,0.150661892096328,0.143830959974068,0.103160319979764,0.115036960947549,0.163279751051667,0.176587339991566,-0.0189297933404757,0.113079345235465,0.169289653183164,0.126093797788457,0.097619616414788,0.127921306223586,0.100744999934097,0.00273068821632365,0.0833651216726447,0.122622091010928,0.168619274407405,0.16872436144916,0.140680558250964,0.155551583692215,0.179811830297366,0.180759963405442,0.131964377922644,0.131485691303811,-0.0113303588774719,0.130644528464253,-0.0170861448507989,0.142445851672296,0.0226784642999401,0.0315413228024286,0.123253944269433,0.12805014978882,0.143803000854434,0.140687603941341,-0.00894319347990521,0.406876445249289,0.201967053110837,0.0667510799205996,0.057927902664453,0.141914472817095,0.13915428341995,0.136662162018383,0.132090770373761,0.130697905284023,0.154306312154408,0.138089707698949,0.147442820171095,0.149214187812852,0.150075454014404,0.018366936805732,0.0656825298125737,0.0601341867939117
ADDITIONAL_CLASS,0.14699354719984,0.1231597969837,0.426688713645463,0.380210698017554,0.153675346913652,0.155363461430615,0.355626480229964,0.260255386848883,0.308330728800389,-0.0264356572260477,0.000184667853569993,0.347771203125293,0.211892711881206,0.308386662837089,-0.00342089534971438,0.260667096528243,0.194448277001583,0.0655821918108146,1,0.441003553979709,0.479696582596224,0.367678123373139,0.391052084158746,0.401533810320951,0.357534478004221,0.282701160331638,0.406353168409966,0.430637811514235,0.400313777330351,0.365390198219824,0.412939102588876,0.351424891050742,-0.0102236088848303,0.380714861430908,0.289962196027836,0.36508505650814,0.43529301537273,0.382689876944342,0.416107842045912,0.389191025164467,0.310146539850022,0.328555802261437,0.331853733049926,0.112952623090861,0.0999478854538859,0.127939282722313,0.109699442752487,0.164015117536094,0.116175007181697,0.650591949663377,0.406463808939459,0.424623609761507,0.233199830348103,0.0183990494599794,0.0882284494383359,0.268375714071095,0.299367143071986,0.269218130003729,0.415629179347432,0.425434324949611,0.368547670712314,0.398301981876948,0.401685445655448,0.336481600645796,0.417136695313481,0.420458698220841,0.393038604520589,0.420196192426144,0.105875644161464,0.0686158080136865,0.0290540530150591
ADDITIONAL_FUNCTIONALITY,0.33949261101064,0.315723313109035,0.711434441832202,0.655293378278405,0.236632007875293,0.236794167962326,0.527596309733152,0.348409147575151,0.514228623481817,-0.0317291584308391,0.0305546455632401,0.492429394359672,0.349164476578603,0.422428329186729,0.0358167227666953,0.317675689046909,0.204842233509235,0.150661892096328,0.441003553979709,1,0.693412174088713,0.540403284427877,0.545052135704862,0.486169287195256,0.374321239200214,0.18452639703126,0.565251735222588,0.581049458626872,0.465440620520714,0.396843637728581,0.579745503357135,0.473334777584446,-0.0296669179896415,0.465228288837409,0.379079062562345,0.573735895332686,0.582250066717689,0.659839005334905,0.603385024773856,0.588881232747271,0.323005496077827,0.419544186469242,0.322839027675003,0.133520147376762,0.177087086924382,0.207821077124461,0.146770913971343,0.149882551081112,0.199376449149225,0.464740677760799,0.675104772251049,0.613079771041682,0.307277751772166,0.0683596530329715,0.139276416025771,0.351750456669342,0.332881131116268,0.286882045966975,0.643268450494206,0.66760712456646,0.484795068046035,0.566875088594594,0.630175550034665,0.435556957204245,0.686947204785103,0.709674524503073,0.655835170447893,0.704310436486258,0.187249071983476,0.20180732483484,0.145447252413421
ADDITIONAL_OBJECT_STATE,0.251946419652301,0.234259901749533,0.703713512476034,0.636425115890555,0.217739649416164,0.217758342792705,0.503815526313891,0.351119916181562,0.442352472368196,-0.0540888231434278,-0.00103544356292694,0.469293182923734,0.283976789232253,0.451253905170041,0.00452003781456661,0.328046379313093,0.169002749621728,0.143830959974068,0.479696582596224,0.693412174088713,1,0.515892669051239,0.544174041184773,0.638439619052054,0.405476012552755,0.182869863215987,0.554387878649362,0.587042426975993,0.445673250896352,0.374651792850192,0.566651108806089,0.487052804517248,0.00506351717027096,0.468810598402798,0.387825154790289,0.56718662895736,0.535129508309196,0.641097316200291,0.566055192914619,0.539807192463049,0.30163729166903,0.375432677856061,0.281690258453605,0.142450842720712,0.169899842929601,0.143072262951059,0.0686399576943358,0.102209583001498,0.15411959422595,0.478355522015036,0.617220331363569,0.726953584797856,0.313341035257385,0.069106922890327,0.127605734375983,0.360377357858135,0.31698875602645,0.279828707455933,0.647998180204952,0.684920710006512,0.510220891028399,0.560697888103292,0.635522091694771,0.439174002679746,0.690241657110947,0.692952135560168,0.650051434384523,0.69763729196219,0.167730678557182,0.114022396319617,0.0693207408970565
ALTERNATIVE_PART_DELETE,0.354898365008289,0.336553143590831,0.689245541494127,0.624620015720875,0.339544459103467,0.338588923798486,0.634786661601721,0.545271125840477,0.608262508340562,0.00161623000648407,0.030883848160473,0.59196749724064,0.390173593734304,0.447216505876224,-0.055210062592412,0.25644117853553,0.0759678332052125,0.103160319979764,0.367678123373139,0.540403284427877,0.515892669051239,1,0.718182270589698,0.449506537222878,0.348336823091912,0.101351460165603,0.700694580281962,0.611729751251449,0.565238031294291,0.492719761771547,0.69496865611851,0.417161402543535,0.0860302408687705,0.401951074443093,0.328082309393423,0.472180126445444,0.454236066425319,0.628849408480945,0.491948230341487,0.448062294877549,0.200077294893238,0.361046834123923,0.258516328556444,0.0822401191439825,0.144213129604039,0.133231953350688,0.113942990013235,0.158784410479224,0.132595836647299,0.434945832787031,0.621010021498621,0.606315279728061,0.280666131772685,-0.0215456782731836,0.147014821884516,0.275617866610676,0.342781922953362,0.288354208199586,0.73941050830408,0.673319903123667,0.600546012473367,0.776908964463537,0.67584120310095,0.300652801638952,0.647603888896884,0.671387058153917,0.673609017631343,0.673485089640103,0.273869238012224,0.109382883364452,0.059228748603849
ALTERNATIVE_PART_INSERT,0.284846293390589,0.267729946753638,0.646946844021886,0.565334206641381,0.277436302719478,0.277034450410654,0.516139595293287,0.465121336016831,0.49834767516341,0.0161711026375418,0.0417891962782647,0.495932637155285,0.322512000221752,0.397202484584617,-0.0295208395676371,0.279988768568577,0.0736627995750724,0.115036960947549,0.391052084158746,0.545052135704862,0.544174041184773,0.718182270589698,1,0.460940440643721,0.33804537553419,0.114983190545519,0.665762297621354,0.676426125099821,0.540761761673132,0.504804972566246,0.63030782380994,0.396769429902348,0.068497107476293,0.393050632306967,0.331906149081087,0.46124326748011,0.466671949131195,0.566612002908925,0.473011355116898,0.482538113761192,0.241811616620692,0.371507060195692,0.25069981402663,0.111450614696629,0.145786865814173,0.127925381840161,0.0730611059717758,0.0880753158868788,0.0945986002132131,0.429313618650007,0.544204242170456,0.540710122829933,0.270076628142026,-0.0138613767681329,0.133077614721636,0.31390417868601,0.361977615463966,0.286985148102881,0.649972164854796,0.70288740666477,0.589959518887396,0.674269339605212,0.613657510986203,0.340966289579075,0.612620998771405,0.642820225214318,0.614963718875191,0.638799640281568,0.202046521474876,0.116288059340854,0.0719955845309473
ATTRIBUTE_RENAMING,0.210207803830842,0.189362510645019,0.586646999287027,0.560592559981085,0.190722439028015,0.191877122091101,0.469696686890079,0.315980324377223,0.406341757107523,-0.0856349648997342,-0.047642291814753,0.400160559238303,0.243484740225001,0.43093380863471,0.0317507093302566,0.316753591020238,0.12965095346361,0.163279751051667,0.401533810320951,0.486169287195256,0.638439619052054,0.449506537222878,0.460940440643721,1,0.429848499447293,0.177721477768196,0.449160123136287,0.47566830288756,0.404849741954612,0.332880541003445,0.488569759124167,0.401015192027606,-0.026689041373536,0.448641453274405,0.390450492606174,0.5409657484678,0.554949110499947,0.562056036081216,0.516384017767892,0.479504934206455,0.310669434027047,0.401638475920814,0.260065912721052,0.0703978949929335,0.205185925596458,0.1082828186114,0.0902832801894366,0.0956799832830668,0.0863971746291526,0.455978446360597,0.550422577196756,0.646935718173101,0.343570265145113,0.0625566091290743,0.144490992243437,0.399370030543713,0.332839295372268,0.29812408156826,0.538353899311851,0.524005328457129,0.48849643130731,0.486159814300602,0.546980451924306,0.355738863815482,0.575751741692362,0.588832403973606,0.550077299686369,0.581155602546352,0.227873822674792,-0.00419824969778316,-0.0453484708206483
ATTRIBUTE_TYPE_CHANGE,0.164680717426899,0.155050660106906,0.423332142392477,0.385291724999539,0.114858446017265,0.111970867722862,0.348169976639456,0.287640921107578,0.320813674554214,-0.019216695063851,0.0134487746587426,0.344941756331708,0.199819385314653,0.270094525155419,0.0240096817950639,0.281247105981968,0.110844284204608,0.176587339991566,0.357534478004221,0.374321239200214,0.405476012552755,0.348336823091912,0.33804537553419,0.429848499447293,1,0.301154495009274,0.384604930213252,0.419129785528014,0.409729065250642,0.340676218636512,0.41688454290461,0.342542751313589,-0.036488753627167,0.280221463533398,0.265514504308464,0.339002821799255,0.420347123241416,0.387321883204308,0.388332443380303,0.374698941565593,0.288680852543838,0.234053351873784,0.402947566430511,0.105080911426901,0.14636639641287,0.16786960342961,0.211747738598808,0.187467029640566,0.100701976637145,0.445986726937256,0.39632958486357,0.408635546110628,0.240450383951059,-0.0261350362112378,0.131208646662183,0.403568515241088,0.311059770391108,0.249026978733204,0.432040509826659,0.429545180718518,0.389848678123054,0.412820613105058,0.444634740851428,0.32583685742052,0.418943819079786,0.416753562220171,0.396937919374406,0.419583189764593,0.160046539919698,0.0367230010446536,0.00884306403845342
CLASS_RENAMING,0.0476605873984636,0.0369669806014434,0.186055893977793,0.1600347845903,0.0507630908481094,0.0514046909689198,0.17427201433861,0.105030095093918,0.120870517954584,0.0365099751530542,-0.000650434510706963,0.150752887791852,0.102442890027868,0.128634986786506,0.0856896477313645,0.0603258333640244,0.221339242154064,-0.0189297933404757,0.282701160331638,0.18452639703126,0.182869863215987,0.101351460165603,0.114983190545519,0.177721477768196,0.301154495009274,1,0.165259395935254,0.206699155497155,0.0999845026807043,0.230052946889041,0.197146545961075,0.12257215614561,-0.065654848170557,0.17566469804639,0.0915520346602006,0.147800483377255,0.181650360028745,0.159700388467213,0.234821326059256,0.238954935055503,0.128720954981924,0.0981831521079799,0.240214371726445,0.062486273657553,0.0956285623208,0.230281671524284,0.2342172652499,0.125715582430643,0.0961344035123347,0.298464798121122,0.174903007545539,0.198594263398827,0.100667160382556,-0.0112587940995488,0.0251755866500968,0.112709350366078,0.120555970877885,0.232050806844365,0.186163588419371,0.156027617618391,0.182642194214678,0.143944617504186,0.187776627073017,0.0849704070714528,0.17249351587829,0.173594527307622,0.172250330409446,0.187440959291728,-0.0100447014307512,0.0668149607267697,0.0457765726887346
COMMENT_DELETE,0.32632643140996,0.302497145903736,0.717766523803623,0.657401976316723,0.299594007514394,0.299799341071595,0.606098789818163,0.545053328814154,0.587345787617741,0.024900779760749,0.0245004317281952,0.594670874233034,0.387326844150329,0.452768026238279,-0.0468060107796007,0.30793116573565,0.155167718265535,0.113079345235465,0.406353168409966,0.565251735222588,0.554387878649362,0.700694580281962,0.665762297621354,0.449160123136287,0.384604930213252,0.165259395935254,1,0.775188046283632,0.607240949104791,0.563290320060437,0.692613228384572,0.427554438632796,0.0753096648896106,0.432159516506684,0.373256676804281,0.504458593010662,0.480057469129065,0.66150520181892,0.505778314756366,0.502026447663601,0.262959567210114,0.400152225140597,0.28411675101402,0.147721735061099,0.123820706209335,0.148266564104761,0.0985534666088142,0.114674153406747,0.130206765837272,0.430277333057721,0.607216003846335,0.606790251599962,0.301962672014547,-0.0299061620349948,0.146916274552273,0.290420562690267,0.334969980414187,0.276456955275128,0.746646454062174,0.733248854412099,0.62521146339261,0.739241612983462,0.725896032262974,0.348644306469785,0.669458482125174,0.698815498007043,0.694804450882973,0.704238598888245,0.236229258211842,0.12114190924534,0.0673455796703908
COMMENT_INSERT,0.324770957287244,0.305981505532089,0.700394678707298,0.619936833826097,0.291490123123867,0.291355055904851,0.550414693701511,0.484353149399762,0.538224923066361,0.0233516028008872,0.0152664394104446,0.544014633288858,0.371331745376866,0.460740312296872,-0.0212237407443529,0.326642304982808,0.111458137712355,0.169289653183164,0.430637811514235,0.581049458626872,0.587042426975993,0.611729751251449,0.676426125099821,0.47566830288756,0.419129785528014,0.206699155497155,0.775188046283632,1,0.611850739916189,0.562508761520572,0.677601718068921,0.428183502658592,0.0718110176032641,0.43142821749526,0.364341689370531,0.513689859742576,0.510228185907076,0.620149393421266,0.505391352160217,0.547730228597748,0.27249194436673,0.42391413565682,0.293753682904975,0.151212075295244,0.153018731451796,0.163114078741981,0.10969124037108,0.0954707247990759,0.1103571694251,0.449806380594107,0.589347203050037,0.601486468368335,0.297763735574332,-0.0199139888622193,0.165321259066399,0.33155947259068,0.352591497215274,0.243578457474255,0.710859316254438,0.748049067433111,0.606046324113894,0.694222382443127,0.681886080004713,0.352284259596335,0.657506651618245,0.686124775916845,0.669523564725659,0.687594272488122,0.200065952078076,0.159656465884874,0.110063055733216
COMMENT_MOVE,0.264921092774145,0.24649796177324,0.534184553126303,0.49640048657451,0.264854288510251,0.264599128692489,0.476991237028024,0.420217387870032,0.453075430389234,0.0440312138603102,0.0843198391262665,0.475588369835384,0.310630291129747,0.3885361478585,-0.0383228767557961,0.258365269580398,0.117544037437399,0.126093797788457,0.400313777330351,0.465440620520714,0.445673250896352,0.565238031294291,0.540761761673132,0.404849741954612,0.409729065250642,0.0999845026807043,0.607240949104791,0.611850739916189,1,0.577661359322506,0.583830051528457,0.384007150000504,0.040698809000285,0.384679375684443,0.309680355505583,0.380317899785433,0.454798297362552,0.498162329039933,0.429780166934294,0.3943105763253,0.216953076282616,0.366427794145183,0.285590542948597,0.195308423058339,0.145485679654377,0.0958838405706173,0.14637864632202,0.13858733354489,0.121069870569296,0.458715494413332,0.486183319263013,0.468933212204591,0.288181562320466,-0.030160684199694,0.150035840088992,0.249019251594571,0.337213987251031,0.312897313047626,0.5539890659986,0.5438280654369,0.591155056477859,0.609660399188936,0.538071092722379,0.300688419676939,0.513441997614711,0.531581798754398,0.520604911506941,0.527946455037538,0.239229105589809,0.0515969001200055,0.00283427860095493
COMMENT_UPDATE,0.236901447685113,0.224642594588113,0.462339125163465,0.42543770890383,0.235122998469464,0.235805772806759,0.388827929736432,0.34668794128901,0.38014363309862,0.100624457193206,0.0661904461837528,0.353204097637561,0.26995417476585,0.299416181967768,-0.0026271883408045,0.281928046319829,0.0804000023948311,0.097619616414788,0.365390198219824,0.396843637728581,0.374651792850192,0.492719761771547,0.504804972566246,0.332880541003445,0.340676218636512,0.230052946889041,0.563290320060437,0.562508761520572,0.577661359322506,1,0.525988809151954,0.300315918223018,0.0317882406584908,0.289328985751609,0.313649885741273,0.335359584435736,0.345081921786518,0.426439845907591,0.360670521640301,0.376665851531059,0.207620934433205,0.287995158491215,0.214704633444651,0.181217880717139,0.151838984284302,0.167746935311735,0.11408861585317,0.103801237059079,0.124696539331666,0.36181170845737,0.400724209375838,0.384456459261799,0.30807909019822,-0.0268067403435159,0.134000095650508,0.192147598156662,0.340284908951032,0.294084035844907,0.481039280703393,0.466785892318937,0.520639463187221,0.48298170393044,0.473876032718278,0.292879232436007,0.429929986559496,0.453399114725543,0.446315237754135,0.457380456770361,0.165360984833982,0.105063798614624,0.068467698656047
CONDITION_EXPRESSION_CHANGE,0.318506474405064,0.30125244862671,0.724698712210365,0.656334703243914,0.309551400334395,0.309344639470347,0.651302405318634,0.565283637123425,0.619757979371582,0.0418566983894636,0.0172704666921621,0.597164244566088,0.403035090457195,0.480251350277637,-0.0384875726545709,0.336797099324074,0.149445494067681,0.127921306223586,0.412939102588876,0.579745503357135,0.566651108806089,0.69496865611851,0.63030782380994,0.488569759124167,0.41688454290461,0.197146545961075,0.692613228384572,0.677601718068921,0.583830051528457,0.525988809151954,1,0.41481908324423,0.0382111931268644,0.430006356226459,0.323633096285656,0.501925386201302,0.496413467379788,0.660719950659055,0.536972939580286,0.486211592834118,0.253198993515063,0.377890624945767,0.319157037287411,0.119038631791146,0.140334342903704,0.097230903476032,0.0909152224664429,0.100605333210005,0.124802304848711,0.466424939030332,0.640098300386993,0.610939269709373,0.292838654441181,-0.0257998567548923,0.145451872374151,0.319120899926755,0.315710305486117,0.271990035517226,0.74707092261594,0.730992201684632,0.623406106289446,0.770584895162675,0.721400790188278,0.323608381025633,0.691064081202351,0.705489709659468,0.712854348732757,0.710018867258898,0.200523905571428,0.155274755061565,0.10654967275681
DECREASING_ACCESSIBILITY_CHANGE,0.231882995669782,0.21363832640025,0.498452889590767,0.471644847767244,0.210736336484148,0.212174921208974,0.402521026666116,0.273295254104,0.359082408935927,-0.0652609064349704,0.0930833114843282,0.338683056213137,0.22025712195201,0.361205826780589,-0.00314925346202711,0.218226117680752,0.088917168110722,0.100744999934097,0.351424891050742,0.473334777584446,0.487052804517248,0.417161402543535,0.396769429902348,0.401015192027606,0.342542751313589,0.12257215614561,0.427554438632796,0.428183502658592,0.384007150000504,0.300315918223018,0.41481908324423,1,0.00682709927999845,0.486235563035516,0.355561863440945,0.43098681636104,0.429034842019374,0.474226039760612,0.443444773442163,0.385232011826678,0.242030521825758,0.268745703360587,0.263962160388451,0.0969638178693157,0.194191532002652,0.136138640092351,0.114231010101386,0.0933272169011651,0.0987473168794195,0.412219649674195,0.483386497816113,0.474234913836274,0.2525625646173,0.057874167467091,0.111257324536818,0.271324204550924,0.261299114264914,0.280927631944676,0.472998329710346,0.481828527973833,0.358950094559005,0.441159815160827,0.460561658119908,0.369192177316617,0.491274727425014,0.500619105576803,0.4708627977828,0.488655547603495,0.192642065254068,0.0469958262726445,0.00517758244897915
DELETE,0.255524295487114,0.264136503359984,0.0137423787843155,0.0174853621632247,0.0242566071364786,0.024410303051624,0.0136623388964946,0.0258975682636431,0.037943960456908,0.116639883101486,0.182122921092621,0.0182744704314446,0.058797512330995,-0.0209545979888329,-0.78477984648295,0.0434889324312281,-0.101858441491879,0.00273068821632365,-0.0102236088848303,-0.0296669179896415,0.00506351717027096,0.0860302408687705,0.068497107476293,-0.026689041373536,-0.036488753627167,-0.065654848170557,0.0753096648896106,0.0718110176032641,0.040698809000285,0.0317882406584908,0.0382111931268644,0.00682709927999845,1,-0.0470578727423741,-0.0311377527825055,-0.112234769803431,-0.105221074909445,0.046697612704353,-0.0426731784089996,-0.0620949485113555,-0.0703582565857058,-0.0143497400995377,-0.0799173324732152,-0.042031867310097,0.00307102941079012,-0.0402127390971832,-0.00463678291094787,0.00712265122193522,-0.0357351873364576,-0.019314451557463,0.0370778046183233,0.0460500373149257,0.0110874631139626,-0.0874877172399325,0.0523539294531364,-0.0750065468264264,-0.0475688818546954,-0.00696769232408749,0.0653361316341881,0.0548182254192698,0.0473322998596654,0.0966901578249886,0.0211555789940618,-0.0260940117119271,-0.0310838035173006,-0.0523992446576172,0.0157821896033085,-0.00654533559945545,0.391683837471274,-0.147658062675868,-0.153178074547701
DOC_DELETE,0.225129492168178,0.207742726883468,0.577777696678999,0.554013490107042,0.182836946939447,0.183492227994264,0.436841444410143,0.289739956143813,0.390454339463973,-0.0704479387452289,0.0408842792840186,0.372006053890373,0.226251856028755,0.399381088003203,0.071068751891789,0.253388050870659,0.181631797138371,0.0833651216726447,0.380714861430908,0.465228288837409,0.468810598402798,0.401951074443093,0.393050632306967,0.448641453274405,0.280221463533398,0.17566469804639,0.432159516506684,0.43142821749526,0.384679375684443,0.289328985751609,0.430006356226459,0.486235563035516,-0.0470578727423741,1,0.420915483426113,0.519384038398654,0.465797916926329,0.555580647718506,0.471116103135427,0.425574179336404,0.240234280700195,0.36780014870635,0.256342174269863,0.033272965862809,0.147433374371777,0.125643212305371,0.0829919221542534,0.0968018120148087,0.0901693753757483,0.415316825472189,0.536119982091191,0.522618444672094,0.234465542850609,0.0235567228112765,0.0591816042941578,0.273111820542739,0.287655365137932,0.217809133031506,0.504145047098227,0.484877701973272,0.357664700848858,0.460704414627451,0.487994417226792,0.27763335066717,0.541487129168113,0.574398656815376,0.529917695364636,0.577229340577461,0.126416184814372,0.131999889169386,0.0881939383249006
DOC_INSERT,0.144883266972611,0.129594298651994,0.411144379988874,0.366032840998983,0.148359744653781,0.150078934063283,0.317638195262557,0.219143443719721,0.290140289512758,-0.0332038143709819,0.0192467287745742,0.270482236208828,0.179798005879748,0.256683809329892,0.0237475768034223,0.23665076793484,0.218000091927721,0.122622091010928,0.289962196027836,0.379079062562345,0.387825154790289,0.328082309393423,0.331906149081087,0.390450492606174,0.265514504308464,0.0915520346602006,0.373256676804281,0.364341689370531,0.309680355505583,0.313649885741273,0.323633096285656,0.355561863440945,-0.0311377527825055,0.420915483426113,1,0.341266828173005,0.420330798052791,0.36681820178437,0.358424488992671,0.406950518777064,0.294514267108988,0.314603817494699,0.246625614503278,0.0735998747301892,0.143028728564271,0.161039822300982,0.0749314438583247,0.0764642273028487,0.0665028858765865,0.301551960544621,0.374275367379198,0.36888655180926,0.29472367608988,-0.0278619030887194,0.12778035603605,0.254338419818718,0.337594447298657,0.243937534279882,0.368657037170294,0.387221174850762,0.334005857583153,0.344700309465131,0.392179772904004,0.330116496637182,0.398613180001185,0.420936205338771,0.376599158923629,0.412584504505491,0.0935609393917867,0.0743958555919758,0.0454962345784401
DOC_UPDATE,0.345733855222796,0.318350390881502,0.761589225097123,0.737841180497422,0.235238217042499,0.235368779968308,0.543990605331438,0.361312219374667,0.519054539536512,-0.168860693720698,0.00640672240685989,0.491976334200525,0.247438840811203,0.540199449181978,0.149966724876438,0.268570576397401,0.172546377428882,0.168619274407405,0.36508505650814,0.573735895332686,0.56718662895736,0.472180126445444,0.46124326748011,0.5409657484678,0.339002821799255,0.147800483377255,0.504458593010662,0.513689859742576,0.380317899785433,0.335359584435736,0.501925386201302,0.43098681636104,-0.112234769803431,0.519384038398654,0.341266828173005,1,0.530527144667652,0.737107270413293,0.545994798388698,0.514822635778079,0.269526939603697,0.407531959578053,0.323203891367166,0.0664163205547964,0.129617612448346,0.113266776113436,0.101613831677864,0.0381992555734815,0.0627051162948655,0.436999854936953,0.644884072272953,0.655513587225119,0.251343607416997,0.0571034723344035,0.13921910837118,0.375138923835068,0.293537884691574,0.208632455416996,0.620483566498827,0.61636546728168,0.436731202733035,0.536730844907558,0.596524280006828,0.330864327561238,0.715623532108859,0.762214265812537,0.709755477202343,0.769744713633814,0.195539340755093,0.185021378639631,0.120154447799516
METHOD_RENAMING,0.250061471786629,0.23128768975337,0.5953602593372,0.556463568980183,0.258704725969712,0.260326092467872,0.510881915427436,0.385951805728192,0.483020720234565,-0.0092462689418285,0.0210327510558671,0.502067017039198,0.344189118704836,0.434737732355382,0.0758148421911021,0.280816094882952,0.14693718575,0.16872436144916,0.43529301537273,0.582250066717689,0.535129508309196,0.454236066425319,0.466671949131195,0.554949110499947,0.420347123241416,0.181650360028745,0.480057469129065,0.510228185907076,0.454798297362552,0.345081921786518,0.496413467379788,0.429034842019374,-0.105221074909445,0.465797916926329,0.420330798052791,0.530527144667652,1,0.558812727352834,0.617230803336046,0.607704561379302,0.33480832348393,0.460973078748291,0.419578743099722,0.148500926535804,0.219990883224791,0.141448768078071,0.138933507910636,0.147365336143131,0.119574252522305,0.510125424115942,0.598455387136919,0.54265157929766,0.30552317515206,0.0259075665312364,0.101981976934909,0.521002409442011,0.341032469306024,0.380800108047265,0.555923113882707,0.559203256802801,0.456270680868603,0.51506437590639,0.575960613086916,0.410899891751536,0.586260685488644,0.596472463891092,0.568066812157465,0.586091423439189,0.181421502048639,0.103634721079722,0.0590307618736239
MODIFY,0.481444081227859,0.455382970790165,0.938774576279492,0.996052494343168,0.314208047662534,0.313796246090311,0.749472213413647,0.567652636083961,0.705558050508752,-0.0129922948637284,0.0473701514064475,0.710532959075341,0.481506013020877,0.638304246381381,0.0163131576538794,0.291455888914101,0.154938113078256,0.140680558250964,0.382689876944342,0.659839005334905,0.641097316200291,0.628849408480945,0.566612002908925,0.562056036081216,0.387321883204308,0.159700388467213,0.66150520181892,0.620149393421266,0.498162329039933,0.426439845907591,0.660719950659055,0.474226039760612,0.046697612704353,0.555580647718506,0.36681820178437,0.737107270413293,0.558812727352834,1,0.607288374747348,0.531634738633875,0.268889121646258,0.424948751767015,0.329929924861288,0.0968747393840773,0.126193784928046,0.137415326439806,0.139868172530269,0.0868031833693454,0.114903310823433,0.498005514602868,0.830722771820189,0.78525346403699,0.277993989725249,-0.0212095617401811,0.161340796660098,0.356408729261171,0.318584355491278,0.271808740102025,0.813197318483595,0.777564346291092,0.562818545818392,0.71654819920076,0.799592002482849,0.347872670130325,0.886596422264593,0.913861618685124,0.897001352851093,0.936226726136518,0.357689707571706,0.16683479030317,0.0944575714855449
PARAMETER_DELETE,0.245605126462196,0.223277468676063,0.64959803604184,0.604075591286396,0.214283134657219,0.215270434147897,0.519078043227399,0.372545073572242,0.47284880547784,-0.0640367851317431,0.0246758476902914,0.484566922107179,0.287004021486789,0.419769173614762,0.0390819042980224,0.269263177088602,0.209112800466067,0.155551583692215,0.416107842045912,0.603385024773856,0.566055192914619,0.491948230341487,0.473011355116898,0.516384017767892,0.388332443380303,0.234821326059256,0.505778314756366,0.505391352160217,0.429780166934294,0.360670521640301,0.536972939580286,0.443444773442163,-0.0426731784089996,0.471116103135427,0.358424488992671,0.545994798388698,0.617230803336046,0.607288374747348,1,0.720181878440677,0.400828205907909,0.459090117863313,0.378332348750964,0.098840171466121,0.14453298219747,0.111934955210472,0.146105493728793,0.133546861079949,0.0756701951697502,0.486419430304718,0.621490928860134,0.609769673130878,0.287053724546917,-0.0235194142344636,0.161946933003927,0.43425579394676,0.372007910988697,0.31569227397219,0.607946162664744,0.593955101359866,0.477912356315117,0.546612770756056,0.658361692928815,0.393440326662956,0.636226804327132,0.641834006528746,0.619378216483157,0.642691695021091,0.171908308144828,0.10036586195919,0.0540355669069481
PARAMETER_INSERT,0.21582273151611,0.195928888131721,0.585440362562935,0.529671672402685,0.205723071161189,0.207041612266619,0.458121916178413,0.328213859594421,0.439144419733738,-0.0244828575977577,0.0205684459792422,0.449000312605026,0.288197750339396,0.380053755679421,0.0474339033900577,0.255988100013335,0.173262207934174,0.179811830297366,0.389191025164467,0.588881232747271,0.539807192463049,0.448062294877549,0.482538113761192,0.479504934206455,0.374698941565593,0.238954935055503,0.502026447663601,0.547730228597748,0.3943105763253,0.376665851531059,0.486211592834118,0.385232011826678,-0.0620949485113555,0.425574179336404,0.406950518777064,0.514822635778079,0.607704561379302,0.531634738633875,0.720181878440677,1,0.392871718299069,0.438126493827168,0.370166986940173,0.151397563234724,0.14601688358951,0.147879619438821,0.116848342483165,0.139394994606446,0.0692168231876798,0.457448953444492,0.546685326491273,0.523474844781724,0.272891039135859,-0.0381259635245151,0.142170070803721,0.451989649762947,0.3582289638086,0.302807914445765,0.544945218885581,0.561028234816054,0.446725987836913,0.491034764952996,0.567319850026095,0.3830921787503,0.574227556954843,0.584451808778207,0.543387418742975,0.581129903451172,0.151610568011946,0.100909835840136,0.0595371713032006
PARAMETER_ORDERING_CHANGE,0.115933444714465,0.0992195624439227,0.282915225450015,0.267840895235661,0.13820845844444,0.139511490535733,0.212176603702394,0.130959176742558,0.219913410652534,-0.0357877260963375,0.0454468247668995,0.22176829727875,0.148103524406923,0.208933059994499,0.0357527125898647,0.126233510632713,0.18113315929299,0.180759963405442,0.310146539850022,0.323005496077827,0.30163729166903,0.200077294893238,0.241811616620692,0.310669434027047,0.288680852543838,0.128720954981924,0.262959567210114,0.27249194436673,0.216953076282616,0.207620934433205,0.253198993515063,0.242030521825758,-0.0703582565857058,0.240234280700195,0.294514267108988,0.269526939603697,0.33480832348393,0.268889121646258,0.400828205907909,0.392871718299069,1,0.4196685799243,0.336195179151568,-0.0206532072219958,0.0574946702583168,0.109988190863668,0.0629551844182387,0.0555202116964544,0.022473887059506,0.260760273339797,0.284855943989653,0.279999607196592,0.329067849188794,-0.0163018338751947,0.139386656800445,0.306484542248394,0.278111171991928,0.197536152429779,0.252370590135828,0.260705861952501,0.227929131931899,0.226723760775325,0.276036574261554,0.265752673835438,0.279588331415692,0.280203505822543,0.270027417429819,0.281414338741544,0.0976848659692206,0.0529669730167719,0.0178710940534171
PARAMETER_RENAMING,0.154082174749774,0.139388431755856,0.446354675036151,0.42389093207046,0.117433332946913,0.117847215612944,0.34577429597412,0.266928293398143,0.33867348254792,-0.0357010617448731,0.0181569087725274,0.336059695506855,0.212335862131386,0.289350778214194,0.0370680356309957,0.195536419424343,0.129437802227446,0.131964377922644,0.328555802261437,0.419544186469242,0.375432677856061,0.361046834123923,0.371507060195692,0.401638475920814,0.234053351873784,0.0981831521079799,0.400152225140597,0.42391413565682,0.366427794145183,0.287995158491215,0.377890624945767,0.268745703360587,-0.0143497400995377,0.36780014870635,0.314603817494699,0.407531959578053,0.460973078748291,0.424948751767015,0.459090117863313,0.438126493827168,0.4196685799243,1,0.334211073144092,0.0850271356473511,0.157215523913302,0.11959590012039,0.0994764353899173,0.0984545926283841,0.0922082386398639,0.374584407645893,0.431322443765726,0.379375578085182,0.228129061546673,0.00703513050888358,0.135070322433374,0.311581178701625,0.272199418391605,0.184710714261944,0.390751432737873,0.398302187067219,0.330750374087659,0.377698958261157,0.435367064959634,0.278970646331633,0.429932754419244,0.442149576974584,0.41956529980293,0.443520481986789,0.098814166490227,0.076427955435272,0.0453793717020754
PARAMETER_TYPE_CHANGE,0.179151129590557,0.169242013642749,0.350590220109591,0.331078274218056,0.112078198058302,0.113478660506582,0.288951861522569,0.1989186434572,0.284736218134209,-0.071069393287385,0.0638333935997023,0.298222209449399,0.163126799470849,0.266431960606781,0.0782127741645429,0.202070817605033,0.168730074190932,0.131485691303811,0.331853733049926,0.322839027675003,0.281690258453605,0.258516328556444,0.25069981402663,0.260065912721052,0.402947566430511,0.240214371726445,0.28411675101402,0.293753682904975,0.285590542948597,0.214704633444651,0.319157037287411,0.263962160388451,-0.0799173324732152,0.256342174269863,0.246625614503278,0.323203891367166,0.419578743099722,0.329929924861288,0.378332348750964,0.370166986940173,0.336195179151568,0.334211073144092,1,0.0828350371102861,0.107931675764085,0.114527449717509,0.190321108982983,0.160892666561412,0.112887747223669,0.360541453244846,0.340695686508795,0.331602115496959,0.215909109797715,-0.0243370999962833,0.046624297187758,0.357014822299488,0.256716776571109,0.275301609197561,0.307821394807183,0.297206744967754,0.287696819048058,0.281376823126055,0.329619188463104,0.319310405493956,0.363467295654026,0.351072232670139,0.337844660342035,0.353136476197628,0.105979767190009,0.109177610610277,0.074930307987457
PARENT_CLASS_CHANGE,0.0372332941681121,0.0200461972394932,0.117011769915631,0.0961467148113931,0.0246789415306203,0.0250299901075954,0.0906329750153117,0.076827651387194,0.0679312114371127,0.057038606411252,-0.00341860334799424,0.100164691335236,0.0763423101483179,0.0536009733704243,0.049591247324932,0.105188182720499,0.0394997722998874,-0.0113303588774719,0.112952623090861,0.133520147376762,0.142450842720712,0.0822401191439825,0.111450614696629,0.0703978949929335,0.105080911426901,0.062486273657553,0.147721735061099,0.151212075295244,0.195308423058339,0.181217880717139,0.119038631791146,0.0969638178693157,-0.042031867310097,0.033272965862809,0.0735998747301892,0.0664163205547964,0.148500926535804,0.0968747393840773,0.098840171466121,0.151397563234724,-0.0206532072219958,0.0850271356473511,0.0828350371102861,1,-0.0113303745144284,-0.0128748188549848,-0.0104787362443839,0.00942138431777846,-0.0161436297589537,0.120660512405664,0.093832993017209,0.118297250382268,0.0900492542977148,-0.00673891021317644,-0.0135856992319617,0.12573403876464,0.0163045722478007,0.144868338672094,0.125207877000627,0.123905600366882,0.127753940401924,0.129575084470083,0.118853930215369,0.116253283458535,0.116683649219797,0.114200348528799,0.103612667601918,0.112159187008184,0.0422296546348229,0.00760778450005446,-0.0160860058115916
PARENT_CLASS_DELETE,0.0540920396406777,0.0577243747366369,0.156385195936,0.125432315812055,0.117573830909134,0.11853002904383,0.112677134560167,0.098509192443185,0.108781287512979,0.0445272768621904,0.0130616164590668,0.0972774407327584,0.0846867054562856,0.0973738596937876,-0.0172683594558881,0.102671724699459,0.0217269045705573,0.130644528464253,0.0999478854538859,0.177087086924382,0.169899842929601,0.144213129604039,0.145786865814173,0.205185925596458,0.14636639641287,0.0956285623208,0.123820706209335,0.153018731451796,0.145485679654377,0.151838984284302,0.140334342903704,0.194191532002652,0.00307102941079012,0.147433374371777,0.143028728564271,0.129617612448346,0.219990883224791,0.126193784928046,0.14453298219747,0.14601688358951,0.0574946702583168,0.157215523913302,0.107931675764085,-0.0113303745144284,1,0.174035045123857,0.0657300859324543,0.0250276882526235,0.083958321194407,0.130842865839778,0.154917526477587,0.146417813043161,0.180528138742316,0.110515716648134,0.102567445880455,0.0226753716296574,0.0313536499983959,0.101658189022799,0.159068585274278,0.165508477687154,0.17518805935868,0.148537697610403,0.155908318739909,0.161424845260557,0.162180119585668,0.163378066359371,0.129183108338397,0.150359453848843,0.0719485871275696,-0.0171469956942593,-0.0154167497133324
PARENT_CLASS_INSERT,0.0861751271633399,0.0766685835467384,0.14363372314843,0.139742647485335,0.026338022518108,0.0268045231267565,0.132945404332047,0.120890499974245,0.125266699416347,-0.0275674867403427,0.00137591191515198,0.105541095392058,0.0768676056321658,0.085402180063335,0.115988983795766,0.0550533449396988,0.0885960569017132,-0.0170861448507989,0.127939282722313,0.207821077124461,0.143072262951059,0.133231953350688,0.127925381840161,0.1082828186114,0.16786960342961,0.230281671524284,0.148266564104761,0.163114078741981,0.0958838405706173,0.167746935311735,0.097230903476032,0.136138640092351,-0.0402127390971832,0.125643212305371,0.161039822300982,0.113266776113436,0.141448768078071,0.137415326439806,0.111934955210472,0.147879619438821,0.109988190863668,0.11959590012039,0.114527449717509,-0.0128748188549848,0.174035045123857,1,0.121207978846097,0.154501929417507,0.157366752045031,0.128394754637563,0.121256030379766,0.0947205188950242,0.116706587036818,-0.0101622549898042,0.0318783580585033,0.0839488591929453,0.167936412677381,0.117913716036375,0.139580936075144,0.164816630604213,0.130172046382767,0.12760781418383,0.168484348605256,0.106515528063977,0.133303680364629,0.140834619018666,0.130362090598997,0.139335042949486,0.071961282986704,0.0207515628619832,0.00549982950429872
PARENT_INTERFACE_CHANGE,0.0997210207886243,0.105961593101497,0.129056093491286,0.138833851359269,0.056517666501766,0.0571001383682871,0.123906370369423,0.0918847919827506,0.0931799649621048,0.0468922370017389,0.134913015846364,0.119225021015435,0.101447428606103,0.108940514522547,-0.0312773443774307,0.0423265778496902,0.0749551685058309,0.142445851672296,0.109699442752487,0.146770913971343,0.0686399576943358,0.113942990013235,0.0730611059717758,0.0902832801894366,0.211747738598808,0.2342172652499,0.0985534666088142,0.10969124037108,0.14637864632202,0.11408861585317,0.0909152224664429,0.114231010101386,-0.00463678291094787,0.0829919221542534,0.0749314438583247,0.101613831677864,0.138933507910636,0.139868172530269,0.146105493728793,0.116848342483165,0.0629551844182387,0.0994764353899173,0.190321108982983,-0.0104787362443839,0.0657300859324543,0.121207978846097,1,0.198167516209633,0.203312109091505,0.199037033137543,0.121360159951217,0.129419307470004,0.0656891974236274,-0.00827099712126073,0.112212384042208,0.157197064709569,0.113532645622404,0.112305213426233,0.123341626931815,0.0946445467298066,0.0902662398865245,0.10183195456218,0.125266645025649,0.0534345999427175,0.134452629363224,0.13014595091334,0.123041595177444,0.128449907518604,0.0896986231606775,0.0372253625062157,0.0240284984640634
PARENT_INTERFACE_DELETE,0.0819636696387762,0.0777068557984909,0.118575403265029,0.0831794066429624,0.000367102328634304,0.00108189191090086,0.0923503900946838,0.065519367689254,0.112432682099504,0.0100099434234602,0.014815135588575,0.109605329664513,0.0325892484895243,0.00308967742816076,-0.0054013601481407,0.173000315441043,0.0930262417305459,0.0226784642999401,0.164015117536094,0.149882551081112,0.102209583001498,0.158784410479224,0.0880753158868788,0.0956799832830668,0.187467029640566,0.125715582430643,0.114674153406747,0.0954707247990759,0.13858733354489,0.103801237059079,0.100605333210005,0.0933272169011651,0.00712265122193522,0.0968018120148087,0.0764642273028487,0.0381992555734815,0.147365336143131,0.0868031833693454,0.133546861079949,0.139394994606446,0.0555202116964544,0.0984545926283841,0.160892666561412,0.00942138431777846,0.0250276882526235,0.154501929417507,0.198167516209633,1,0.298940377600288,0.167706650750393,0.222946784359682,0.124107004367106,0.0749803037300723,0.0256743691456436,0.031440421891107,0.182048236536137,0.0599749741443723,0.127296152040276,0.113546808982532,0.092558188985961,0.0816536345595787,0.136919591233704,0.100870669445136,0.0898738106765629,0.0976882435039636,0.084645508805126,0.0728501909590048,0.11256158383513,0.11173626463859,-0.0129660344598775,-0.0300969526699513
PARENT_INTERFACE_INSERT,0.0974232114375661,0.0929198202424794,0.130833195891536,0.116066859836863,0.0293655007070338,0.0299292878364902,0.0663671827520868,0.0280060831160789,0.0309632715142171,0.00683905861768613,0.0809724755831789,0.0708939373712603,0.0602175801434186,0.0392768305972424,0.0196308886242735,0.0620983016899985,-0.00340345087410931,0.0315413228024286,0.116175007181697,0.199376449149225,0.15411959422595,0.132595836647299,0.0945986002132131,0.0863971746291526,0.100701976637145,0.0961344035123347,0.130206765837272,0.1103571694251,0.121069870569296,0.124696539331666,0.124802304848711,0.0987473168794195,-0.0357351873364576,0.0901693753757483,0.0665028858765865,0.0627051162948655,0.119574252522305,0.114903310823433,0.0756701951697502,0.0692168231876798,0.022473887059506,0.0922082386398639,0.112887747223669,-0.0161436297589537,0.083958321194407,0.157366752045031,0.203312109091505,0.298940377600288,1,0.158221932080875,0.11586442930667,0.0915105849168123,0.0219828305932014,-0.0127423681777053,0.0615145831379818,0.147383810454155,0.118705177986903,0.170144756131058,0.101968003424425,0.10529062834376,0.0997314478440874,0.103991936363376,0.104404168668282,0.0454528959528012,0.123482483495506,0.125252872615477,0.111549735097354,0.124051236770604,0.0727630155700816,0.0316334947176646,0.0192217263406643
REMOVED_CLASS,0.239275568448599,0.217584669178578,0.515948895639637,0.495091159137229,0.17420452616644,0.174265491182826,0.462152614151912,0.308528073573082,0.373564473793539,-0.0575350222699874,0.0892305350620302,0.423587467866053,0.231122247456744,0.419080108583455,0.000455806005067799,0.25677501807106,0.153367026856731,0.123253944269433,0.650591949663377,0.464740677760799,0.478355522015036,0.434945832787031,0.429313618650007,0.455978446360597,0.445986726937256,0.298464798121122,0.430277333057721,0.449806380594107,0.458715494413332,0.36181170845737,0.466424939030332,0.412219649674195,-0.019314451557463,0.415316825472189,0.301551960544621,0.436999854936953,0.510125424115942,0.498005514602868,0.486419430304718,0.457448953444492,0.260760273339797,0.374584407645893,0.360541453244846,0.120660512405664,0.130842865839778,0.128394754637563,0.199037033137543,0.167706650750393,0.158221932080875,1,0.503805787604685,0.536285087938089,0.216049764916343,0.0049977495072625,0.142361442065636,0.347339506727852,0.310183255124711,0.299654991915498,0.499631253580251,0.478765810738891,0.450245441077243,0.478962737933311,0.477381251140454,0.365913496959766,0.516610983269685,0.512420265020633,0.490427307438123,0.502008735554266,0.21120349594769,0.0583387618685202,0.0122988556598335
REMOVED_FUNCTIONALITY,0.458714262499644,0.435195002857761,0.85387718298511,0.822684102719778,0.28027784773273,0.279910182380839,0.717280116074404,0.530158609568463,0.716275664130672,-0.00952587095593505,0.0295371994621044,0.685989693941824,0.517651186851243,0.585715855135512,-0.0227763665963003,0.327317140189106,0.169974245991409,0.12805014978882,0.406463808939459,0.675104772251049,0.617220331363569,0.621010021498621,0.544204242170456,0.550422577196756,0.39632958486357,0.174903007545539,0.607216003846335,0.589347203050037,0.486183319263013,0.400724209375838,0.640098300386993,0.483386497816113,0.0370778046183233,0.536119982091191,0.374275367379198,0.644884072272953,0.598455387136919,0.830722771820189,0.621490928860134,0.546685326491273,0.284855943989653,0.431322443765726,0.340695686508795,0.093832993017209,0.154917526477587,0.121256030379766,0.121360159951217,0.222946784359682,0.11586442930667,0.503805787604685,1,0.763939520301466,0.292779886114247,0.00324221851098897,0.146186511582693,0.358085375946209,0.338287630449409,0.295976577445006,0.777611925184711,0.749647456913026,0.533351475731564,0.670923681835158,0.72886300330991,0.373740903356024,0.813040376563121,0.823335686237582,0.807169139006963,0.838230232370459,0.337925721363318,0.168433545035372,0.100662524241962
REMOVED_OBJECT_STATE,0.328712911366984,0.309434610411421,0.832313802445417,0.78147300680597,0.271814088722952,0.271822106931494,0.664696422278332,0.467330154554852,0.580907465036059,-0.096733264937695,-0.0065363791566765,0.584357210726904,0.337068604915631,0.614530104156249,-0.000727455327831828,0.276063092032509,0.153350755515229,0.143803000854434,0.424623609761507,0.613079771041682,0.726953584797856,0.606315279728061,0.540710122829933,0.646935718173101,0.408635546110628,0.198594263398827,0.606790251599962,0.601486468368335,0.468933212204591,0.384456459261799,0.610939269709373,0.474234913836274,0.0460500373149257,0.522618444672094,0.36888655180926,0.655513587225119,0.54265157929766,0.78525346403699,0.609769673130878,0.523474844781724,0.279999607196592,0.379375578085182,0.331602115496959,0.118297250382268,0.146417813043161,0.0947205188950242,0.129419307470004,0.124107004367106,0.0915105849168123,0.536285087938089,0.763939520301466,1,0.294558791878687,4.19111870843672e-05,0.16228362098023,0.353225573332204,0.294457447053548,0.267627762912274,0.800353356733133,0.7159968134934,0.5657997186371,0.665119427940769,0.711473533744372,0.37980717872862,0.81182411913643,0.813704422019407,0.764968201799558,0.820215009237421,0.280574231533456,0.077782196638053,0.0244234960877182
REMOVING_ATTRIBUTE_MODIFIABILITY,0.150005596254394,0.13894176668569,0.287934916145737,0.277285331805739,0.173216919801165,0.17471641940022,0.222567918906079,0.180567526309183,0.222941881297957,-0.00966546024219122,0.0175709970867686,0.199165023050632,0.144241421479627,0.201894940818407,-0.0169243419424484,0.253362204100904,0.211101976879914,0.140687603941341,0.233199830348103,0.307277751772166,0.313341035257385,0.280666131772685,0.270076628142026,0.343570265145113,0.240450383951059,0.100667160382556,0.301962672014547,0.297763735574332,0.288181562320466,0.30807909019822,0.292838654441181,0.2525625646173,0.0110874631139626,0.234465542850609,0.29472367608988,0.251343607416997,0.30552317515206,0.277993989725249,0.287053724546917,0.272891039135859,0.329067849188794,0.228129061546673,0.215909109797715,0.0900492542977148,0.180528138742316,0.116706587036818,0.0656891974236274,0.0749803037300723,0.0219828305932014,0.216049764916343,0.292779886114247,0.294558791878687,1,0.0547755384256026,0.0737495479113577,0.202798591036984,0.247620335012703,0.269732250933612,0.287617662887604,0.281522561479293,0.245490583417157,0.27854627920747,0.294427489870884,0.255092654169196,0.268364713741427,0.280959228140616,0.263765699365576,0.282235955612835,0.122605012701162,0.0477000333301272,0.0196430123091397
REMOVING_CLASS_DERIVABILITY,-0.00100894357108095,-0.00593605707508786,0.0161334940169009,-0.0261743039015607,0.00927360990697075,0.00949170169093401,0.00128372983043639,-0.0333348886492703,-0.000648998759128474,-0.0302540008084591,-0.0143627306254378,-0.0053912968297649,-0.0115816117623998,0.0111384315753345,0.0120833181691794,0.0666503990100586,-0.0147186413496641,-0.00894319347990521,0.0183990494599794,0.0683596530329715,0.069106922890327,-0.0215456782731836,-0.0138613767681329,0.0625566091290743,-0.0261350362112378,-0.0112587940995488,-0.0299061620349948,-0.0199139888622193,-0.030160684199694,-0.0268067403435159,-0.0257998567548923,0.057874167467091,-0.0874877172399325,0.0235567228112765,-0.0278619030887194,0.0571034723344035,0.0259075665312364,-0.0212095617401811,-0.0235194142344636,-0.0381259635245151,-0.0163018338751947,0.00703513050888358,-0.0243370999962833,-0.00673891021317644,0.110515716648134,-0.0101622549898042,-0.00827099712126073,0.0256743691456436,-0.0127423681777053,0.0049977495072625,0.00324221851098897,4.19111870843672e-05,0.0547755384256026,1,-0.0107233617315344,0.0228076292943258,-0.0207665351908226,-0.0159184470855973,-0.0234916020702618,0.00137521266130935,-0.00638303131450724,-0.0342231122376494,-0.0126975889422146,0.0255144467091911,0.0179753960948107,0.0392643759821904,0.00149956657725182,0.00979143147861842,-0.0185434307971701,0.0239890940506963,0.0217293344422765
REMOVING_METHOD_OVERRIDABILITY,0.1079350583309,0.109647984711812,0.164816635641831,0.160100727882484,0.0392491032775461,0.0398075886078093,0.128536420942146,0.115905967467586,0.12061855904834,-0.0135953737435871,0.0716861748331179,0.115023099626184,0.0831403905225506,0.125390649896002,-0.0434387984745046,0.0711709885038911,0.0473977220132621,0.406876445249289,0.0882284494383359,0.139276416025771,0.127605734375983,0.147014821884516,0.133077614721636,0.144490992243437,0.131208646662183,0.0251755866500968,0.146916274552273,0.165321259066399,0.150035840088992,0.134000095650508,0.145451872374151,0.111257324536818,0.0523539294531364,0.0591816042941578,0.12778035603605,0.13921910837118,0.101981976934909,0.161340796660098,0.161946933003927,0.142170070803721,0.139386656800445,0.135070322433374,0.046624297187758,-0.0135856992319617,0.102567445880455,0.0318783580585033,0.112212384042208,0.031440421891107,0.0615145831379818,0.142361442065636,0.146186511582693,0.16228362098023,0.0737495479113577,-0.0107233617315344,1,0.100890850829663,0.10129499961548,0.0407355191528795,0.167837568653735,0.16681602566832,0.187042206023526,0.163645695435217,0.160490438650265,0.144824880082872,0.173858975388876,0.173776803288935,0.167976600833789,0.162898212589167,0.103899299134686,-0.0132868558453287,-0.0189571186690857
RETURN_TYPE_CHANGE,0.113712634678438,0.101538950958028,0.377517262485346,0.357597141527701,0.123387530525363,0.124849001522314,0.303895411846144,0.207544270592204,0.295910908152949,-0.0926572707084848,-0.0110636921224425,0.319228559029664,0.161706472661045,0.27409988808748,0.0671130962155783,0.206163759356505,0.100315082422803,0.201967053110837,0.268375714071095,0.351750456669342,0.360377357858135,0.275617866610676,0.31390417868601,0.399370030543713,0.403568515241088,0.112709350366078,0.290420562690267,0.33155947259068,0.249019251594571,0.192147598156662,0.319120899926755,0.271324204550924,-0.0750065468264264,0.273111820542739,0.254338419818718,0.375138923835068,0.521002409442011,0.356408729261171,0.43425579394676,0.451989649762947,0.306484542248394,0.311581178701625,0.357014822299488,0.12573403876464,0.0226753716296574,0.0839488591929453,0.157197064709569,0.182048236536137,0.147383810454155,0.347339506727852,0.358085375946209,0.353225573332204,0.202798591036984,0.0228076292943258,0.100890850829663,1,0.222802370625582,0.257052780763787,0.337314185049614,0.360878385285464,0.253969179555456,0.319496322416153,0.371986204071175,0.340276072265927,0.385932752078559,0.384551260090869,0.350001649090161,0.37436723926181,0.0893134332640237,0.0441132999598231,0.0170791772305755
RETURN_TYPE_DELETE,0.209993113346117,0.196487179411372,0.346273736566646,0.31719204308777,0.146716208180112,0.148206483821234,0.27462118856888,0.213420933400305,0.275116068652955,0.0553461502830385,0.0346197726715862,0.269343219041993,0.226551653553131,0.25503095823173,0.0447061728223979,0.190849923828268,0.0608912302155232,0.0667510799205996,0.299367143071986,0.332881131116268,0.31698875602645,0.342781922953362,0.361977615463966,0.332839295372268,0.311059770391108,0.120555970877885,0.334969980414187,0.352591497215274,0.337213987251031,0.340284908951032,0.315710305486117,0.261299114264914,-0.0475688818546954,0.287655365137932,0.337594447298657,0.293537884691574,0.341032469306024,0.318584355491278,0.372007910988697,0.3582289638086,0.278111171991928,0.272199418391605,0.256716776571109,0.0163045722478007,0.0313536499983959,0.167936412677381,0.113532645622404,0.0599749741443723,0.118705177986903,0.310183255124711,0.338287630449409,0.294457447053548,0.247620335012703,-0.0207665351908226,0.10129499961548,0.222802370625582,1,0.442546735300025,0.346624553068722,0.340709724040782,0.341095222767492,0.343920528148412,0.325186706599444,0.271039409414573,0.336945784602647,0.347348416895478,0.329359125800855,0.340235969639503,0.145083330499437,0.109284207923541,0.079375883649436
RETURN_TYPE_INSERT,0.148584345789739,0.133133082305555,0.281490724638866,0.271170659613831,0.119473525535047,0.120656403448557,0.240738193843573,0.18270470817887,0.233473092943668,0.0380944956738795,0.0295554140178195,0.239676994363496,0.184991971919462,0.193368801093695,-0.0056442286631959,0.203787943405286,0.112421615308338,0.057927902664453,0.269218130003729,0.286882045966975,0.279828707455933,0.288354208199586,0.286985148102881,0.29812408156826,0.249026978733204,0.232050806844365,0.276456955275128,0.243578457474255,0.312897313047626,0.294084035844907,0.271990035517226,0.280927631944676,-0.00696769232408749,0.217809133031506,0.243937534279882,0.208632455416996,0.380800108047265,0.271808740102025,0.31569227397219,0.302807914445765,0.197536152429779,0.184710714261944,0.275301609197561,0.144868338672094,0.101658189022799,0.117913716036375,0.112305213426233,0.127296152040276,0.170144756131058,0.299654991915498,0.295976577445006,0.267627762912274,0.269732250933612,-0.0159184470855973,0.0407355191528795,0.257052780763787,0.442546735300025,1,0.287149468977118,0.287047520109131,0.281990376213172,0.291249331018916,0.273246667232402,0.301620077407736,0.284482888917941,0.285780412128547,0.279021323694084,0.276666850421332,0.133149697649584,0.0503056475375901,0.0157434279130578
STATEMENT_DELETE,0.397834219481854,0.373670005262406,0.910244345760464,0.807447931768669,0.326220739311757,0.325508086023016,0.780160583920532,0.656079672215267,0.729205195701173,-0.0133689413968751,-0.0495463241659587,0.72236957754221,0.44948841830488,0.576999058331709,-0.033244614388919,0.320106210625115,0.142128000558048,0.141914472817095,0.415629179347432,0.643268450494206,0.647998180204952,0.73941050830408,0.649972164854796,0.538353899311851,0.432040509826659,0.186163588419371,0.746646454062174,0.710859316254438,0.5539890659986,0.481039280703393,0.74707092261594,0.472998329710346,0.0653361316341881,0.504145047098227,0.368657037170294,0.620483566498827,0.555923113882707,0.813197318483595,0.607946162664744,0.544945218885581,0.252370590135828,0.390751432737873,0.307821394807183,0.125207877000627,0.159068585274278,0.139580936075144,0.123341626931815,0.113546808982532,0.101968003424425,0.499631253580251,0.777611925184711,0.800353356733133,0.287617662887604,-0.0234916020702618,0.167837568653735,0.337314185049614,0.346624553068722,0.287149468977118,1,0.898254715053636,0.654927121844382,0.833840928355272,0.862578291480017,0.363334288559544,0.853688755888302,0.879361956179184,0.852918340635403,0.889112213119869,0.287955089454098,0.150332540441937,0.0896474559919756
STATEMENT_INSERT,0.38684347078476,0.363167314194417,0.882197762461324,0.772908071428266,0.285573355431125,0.285323582953627,0.730261762047326,0.626702143677198,0.701273635073876,-0.0216146588957266,-0.0131632345660803,0.696056840412186,0.436163040675936,0.552855515549852,-0.026419243533396,0.335764363541284,0.135489367374797,0.13915428341995,0.425434324949611,0.66760712456646,0.684920710006512,0.673319903123667,0.70288740666477,0.524005328457129,0.429545180718518,0.156027617618391,0.733248854412099,0.748049067433111,0.5438280654369,0.466785892318937,0.730992201684632,0.481828527973833,0.0548182254192698,0.484877701973272,0.387221174850762,0.61636546728168,0.559203256802801,0.777564346291092,0.593955101359866,0.561028234816054,0.260705861952501,0.398302187067219,0.297206744967754,0.123905600366882,0.165508477687154,0.164816630604213,0.0946445467298066,0.092558188985961,0.10529062834376,0.478765810738891,0.749647456913026,0.7159968134934,0.281522561479293,0.00137521266130935,0.16681602566832,0.360878385285464,0.340709724040782,0.287047520109131,0.898254715053636,1,0.64480781498863,0.793917658618222,0.842338030862198,0.408806722471602,0.816938016741915,0.858130703066271,0.827027463191545,0.863017398111086,0.258039894438509,0.167734078924692,0.10922284034705
STATEMENT_ORDERING_CHANGE,0.27133391754514,0.256271185082797,0.631168008541172,0.560909064267163,0.3094184187042,0.309957280565668,0.567562335580387,0.473448526313312,0.522989601992988,0.0267860215014922,0.0312240040699785,0.513394328668814,0.346230017070523,0.422816823536798,-0.0225129242119502,0.309899504788099,0.0876984029067285,0.136662162018383,0.368547670712314,0.484795068046035,0.510220891028399,0.600546012473367,0.589959518887396,0.48849643130731,0.389848678123054,0.182642194214678,0.62521146339261,0.606046324113894,0.591155056477859,0.520639463187221,0.623406106289446,0.358950094559005,0.0473322998596654,0.357664700848858,0.334005857583153,0.436731202733035,0.456270680868603,0.562818545818392,0.477912356315117,0.446725987836913,0.227929131931899,0.330750374087659,0.287696819048058,0.127753940401924,0.17518805935868,0.130172046382767,0.0902662398865245,0.0816536345595787,0.0997314478440874,0.450245441077243,0.533351475731564,0.5657997186371,0.245490583417157,-0.00638303131450724,0.187042206023526,0.253969179555456,0.341095222767492,0.281990376213172,0.654927121844382,0.64480781498863,1,0.626954608123906,0.634743705418794,0.332789357219281,0.597487253661261,0.618814837342755,0.613967246086401,0.614665277665213,0.202233487448039,0.0915002132941864,0.047980176887187
STATEMENT_PARENT_CHANGE,0.390211618700563,0.370643555207883,0.794464095886543,0.712950890240075,0.311377773533492,0.310444839306832,0.699261985963825,0.613008005914942,0.662191561945537,0.000595282397958514,0.0249033908386772,0.647270804120911,0.419015506318216,0.498715091262108,-0.0721774075289572,0.301348678109636,0.0815400758279538,0.132090770373761,0.398301981876948,0.566875088594594,0.560697888103292,0.776908964463537,0.674269339605212,0.486159814300602,0.412820613105058,0.143944617504186,0.739241612983462,0.694222382443127,0.609660399188936,0.48298170393044,0.770584895162675,0.441159815160827,0.0966901578249886,0.460704414627451,0.344700309465131,0.536730844907558,0.51506437590639,0.71654819920076,0.546612770756056,0.491034764952996,0.226723760775325,0.377698958261157,0.281376823126055,0.129575084470083,0.148537697610403,0.12760781418383,0.10183195456218,0.136919591233704,0.103991936363376,0.478962737933311,0.670923681835158,0.665119427940769,0.27854627920747,-0.0342231122376494,0.163645695435217,0.319496322416153,0.343920528148412,0.291249331018916,0.833840928355272,0.793917658618222,0.626954608123906,1,0.783087982553963,0.326231581286636,0.74340967056943,0.776034726749328,0.773237627973994,0.782342787677225,0.287286110858424,0.141715309834485,0.0877001975844866
STATEMENT_UPDATE,0.389526917371136,0.366903347767794,0.865820237393004,0.794084772769366,0.297407799752601,0.297097354324586,0.759020177948825,0.643291767326995,0.714255968613882,0.00495074480424519,-0.0341123471165873,0.703002940185351,0.460241301752746,0.54931069219909,-0.00429780846214435,0.301134061127212,0.146415264688374,0.130697905284023,0.401685445655448,0.630175550034665,0.635522091694771,0.67584120310095,0.613657510986203,0.546980451924306,0.444634740851428,0.187776627073017,0.725896032262974,0.681886080004713,0.538071092722379,0.473876032718278,0.721400790188278,0.460561658119908,0.0211555789940618,0.487994417226792,0.392179772904004,0.596524280006828,0.575960613086916,0.799592002482849,0.658361692928815,0.567319850026095,0.276036574261554,0.435367064959634,0.329619188463104,0.118853930215369,0.155908318739909,0.168484348605256,0.125266645025649,0.100870669445136,0.104404168668282,0.477381251140454,0.72886300330991,0.711473533744372,0.294427489870884,-0.0126975889422146,0.160490438650265,0.371986204071175,0.325186706599444,0.273246667232402,0.862578291480017,0.842338030862198,0.634743705418794,0.783087982553963,1,0.369188591332415,0.812361251351146,0.838257482629191,0.825136327461847,0.851644891130115,0.268072087737179,0.165834342489697,0.108077402830727
UNCLASSIFIED_CHANGE,0.125414309824716,0.108186572334846,0.393570958755338,0.348053462701645,0.133135214340761,0.133220422229574,0.282854848830334,0.221006674296025,0.271425544226846,-0.00550646956254851,0.08570651476381,0.258386215474055,0.205779998272874,0.254381643699555,0.0433273964309283,0.196341591234569,0.0544986126764134,0.154306312154408,0.336481600645796,0.435556957204245,0.439174002679746,0.300652801638952,0.340966289579075,0.355738863815482,0.32583685742052,0.0849704070714528,0.348644306469785,0.352284259596335,0.300688419676939,0.292879232436007,0.323608381025633,0.369192177316617,-0.0260940117119271,0.27763335066717,0.330116496637182,0.330864327561238,0.410899891751536,0.347872670130325,0.393440326662956,0.3830921787503,0.265752673835438,0.278970646331633,0.319310405493956,0.116253283458535,0.161424845260557,0.106515528063977,0.0534345999427175,0.0898738106765629,0.0454528959528012,0.365913496959766,0.373740903356024,0.37980717872862,0.255092654169196,0.0255144467091911,0.144824880082872,0.340276072265927,0.271039409414573,0.301620077407736,0.363334288559544,0.408806722471602,0.332789357219281,0.326231581286636,0.369188591332415,1,0.392415813046111,0.398069945935916,0.365694043230301,0.389794927496813,0.101386438088891,0.0379618709545471,0.00522781574455341
ForwardEngineering,0.407336685118499,0.384656346563037,0.933301880921423,0.883928605339384,0.299708007515911,0.300004221674502,0.726273983309749,0.549152726127161,0.680035552859463,-0.0813481497838808,0.00523161785607349,0.656110019513034,0.42507381887736,0.590276682149406,0.0449745344270591,0.290450123448907,0.161442090338392,0.138089707698949,0.417136695313481,0.686947204785103,0.690241657110947,0.647603888896884,0.612620998771405,0.575751741692362,0.418943819079786,0.17249351587829,0.669458482125174,0.657506651618245,0.513441997614711,0.429929986559496,0.691064081202351,0.491274727425014,-0.0310838035173006,0.541487129168113,0.398613180001185,0.715623532108859,0.586260685488644,0.886596422264593,0.636226804327132,0.574227556954843,0.279588331415692,0.429932754419244,0.363467295654026,0.116683649219797,0.162180119585668,0.133303680364629,0.134452629363224,0.0976882435039636,0.123482483495506,0.516610983269685,0.813040376563121,0.81182411913643,0.268364713741427,0.0179753960948107,0.173858975388876,0.385932752078559,0.336945784602647,0.284482888917941,0.853688755888302,0.816938016741915,0.597487253661261,0.74340967056943,0.812361251351146,0.392415813046111,1,0.950186431870297,0.885861336869471,0.932272884407999,0.280625529510288,0.174359340138407,0.110591287768491
ReEngineering,0.420496814749862,0.395033954227417,0.972979543594309,0.912411300512019,0.297511892136439,0.297185018455473,0.75812488915382,0.59406126674054,0.714981016436537,-0.0917016754359782,0.00359680046128733,0.687201577950022,0.426122451162846,0.627695547412228,0.0710608796189306,0.308366686508996,0.166787485753716,0.147442820171095,0.420458698220841,0.709674524503073,0.692952135560168,0.671387058153917,0.642820225214318,0.588832403973606,0.416753562220171,0.173594527307622,0.698815498007043,0.686124775916845,0.531581798754398,0.453399114725543,0.705489709659468,0.500619105576803,-0.0523992446576172,0.574398656815376,0.420936205338771,0.762214265812537,0.596472463891092,0.913861618685124,0.641834006528746,0.584451808778207,0.280203505822543,0.442149576974584,0.351072232670139,0.114200348528799,0.163378066359371,0.140834619018666,0.13014595091334,0.084645508805126,0.125252872615477,0.512420265020633,0.823335686237582,0.813704422019407,0.280959228140616,0.0392643759821904,0.173776803288935,0.384551260090869,0.347348416895478,0.285780412128547,0.879361956179184,0.858130703066271,0.618814837342755,0.776034726749328,0.838257482629191,0.398069945935916,0.950186431870297,1,0.927709722556408,0.97188311053377,0.269155403700296,0.197412829565018,0.130270401045299
CorrectiveEngineering,0.453230100996351,0.42738229973551,0.929729968662174,0.893170241531965,0.314467071883436,0.313793224135842,0.765439381942929,0.607231833013086,0.722450548767537,-0.00616740367851005,0.0285066099456314,0.706393013688751,0.494692480756147,0.60680448086537,0.00364828265129722,0.309592114077049,0.141880949956356,0.149214187812852,0.393038604520589,0.655835170447893,0.650051434384523,0.673609017631343,0.614963718875191,0.550077299686369,0.396937919374406,0.172250330409446,0.694804450882973,0.669523564725659,0.520604911506941,0.446315237754135,0.712854348732757,0.4708627977828,0.0157821896033085,0.529917695364636,0.376599158923629,0.709755477202343,0.568066812157465,0.897001352851093,0.619378216483157,0.543387418742975,0.270027417429819,0.41956529980293,0.337844660342035,0.103612667601918,0.129183108338397,0.130362090598997,0.123041595177444,0.0728501909590048,0.111549735097354,0.490427307438123,0.807169139006963,0.764968201799558,0.263765699365576,0.00149956657725182,0.167976600833789,0.350001649090161,0.329359125800855,0.279021323694084,0.852918340635403,0.827027463191545,0.613967246086401,0.773237627973994,0.825136327461847,0.365694043230301,0.885861336869471,0.927709722556408,1,0.926863382159248,0.312887416167057,0.187347321844259,0.117417815983432
Management,0.438834176596036,0.413292004823467,0.989256933457337,0.93650065647851,0.303106718061327,0.302830447843766,0.76927647864656,0.597783051334569,0.723328923904479,-0.0705650568093484,-0.0108501942567325,0.706553934166121,0.438575951126111,0.629900345871224,0.0624196770739016,0.325934952722668,0.169772794999658,0.150075454014404,0.420196192426144,0.704310436486258,0.69763729196219,0.673485089640103,0.638799640281568,0.581155602546352,0.419583189764593,0.187440959291728,0.704238598888245,0.687594272488122,0.527946455037538,0.457380456770361,0.710018867258898,0.488655547603495,-0.00654533559945545,0.577229340577461,0.412584504505491,0.769744713633814,0.586091423439189,0.936226726136518,0.642691695021091,0.581129903451172,0.281414338741544,0.443520481986789,0.353136476197628,0.112159187008184,0.150359453848843,0.139335042949486,0.128449907518604,0.11256158383513,0.124051236770604,0.502008735554266,0.838230232370459,0.820215009237421,0.282235955612835,0.00979143147861842,0.162898212589167,0.37436723926181,0.340235969639503,0.276666850421332,0.889112213119869,0.863017398111086,0.614665277665213,0.782342787677225,0.851644891130115,0.389794927496813,0.932272884407999,0.97188311053377,0.926863382159248,1,0.277880454012861,0.205991806383542,0.13788048473607
usageCount,0.641045379650671,0.618742072426343,0.295833436802444,0.34142032712198,0.138078070358021,0.13735747263318,0.273901869629748,0.19806321914854,0.32557294725401,-0.0318625209144557,0.223878638953503,0.278060836274142,0.236653975689797,0.236423256856322,-0.383784166194486,0.108236519366746,-0.0536211999261661,0.018366936805732,0.105875644161464,0.187249071983476,0.167730678557182,0.273869238012224,0.202046521474876,0.227873822674792,0.160046539919698,-0.0100447014307512,0.236229258211842,0.200065952078076,0.239229105589809,0.165360984833982,0.200523905571428,0.192642065254068,0.391683837471274,0.126416184814372,0.0935609393917867,0.195539340755093,0.181421502048639,0.357689707571706,0.171908308144828,0.151610568011946,0.0976848659692206,0.098814166490227,0.105979767190009,0.0422296546348229,0.0719485871275696,0.071961282986704,0.0896986231606775,0.11173626463859,0.0727630155700816,0.21120349594769,0.337925721363318,0.280574231533456,0.122605012701162,-0.0185434307971701,0.103899299134686,0.0893134332640237,0.145083330499437,0.133149697649584,0.287955089454098,0.258039894438509,0.202233487448039,0.287286110858424,0.268072087737179,0.101386438088891,0.280625529510288,0.269155403700296,0.312887416167057,0.277880454012861,1,-0.358001230423025,-0.432812283054043
refDensity,0.432481785667567,0.441533789481905,0.199819200380872,0.169130834726061,0.100758204709733,0.101388594911667,0.241546387981391,0.212157741443579,0.265605182468338,0.0660659617145847,-0.0228308382293689,0.267854369009253,0.245478507007562,0.217424927476109,0.165334330465381,0.0648101557227669,0.0667628919047806,0.0656825298125737,0.0686158080136865,0.20180732483484,0.114022396319617,0.109382883364452,0.116288059340854,-0.00419824969778316,0.0367230010446536,0.0668149607267697,0.12114190924534,0.159656465884874,0.0515969001200055,0.105063798614624,0.155274755061565,0.0469958262726445,-0.147658062675868,0.131999889169386,0.0743958555919758,0.185021378639631,0.103634721079722,0.16683479030317,0.10036586195919,0.100909835840136,0.0529669730167719,0.076427955435272,0.109177610610277,0.00760778450005446,-0.0171469956942593,0.0207515628619832,0.0372253625062157,-0.0129660344598775,0.0316334947176646,0.0583387618685202,0.168433545035372,0.077782196638053,0.0477000333301272,0.0239890940506963,-0.0132868558453287,0.0441132999598231,0.109284207923541,0.0503056475375901,0.150332540441937,0.167734078924692,0.0915002132941864,0.141715309834485,0.165834342489697,0.0379618709545471,0.174359340138407,0.197412829565018,0.187347321844259,0.205991806383542,-0.358001230423025,1,0.97774178692832
postDensity,0.345891724942079,0.37808801224453,0.131456732493716,0.0974679915429693,0.0763239842549965,0.0767254968897525,0.16901452832547,0.158171633673068,0.192691117684087,0.0811584090962766,-0.0248248252400005,0.201088225221083,0.194287401890548,0.151337197105766,0.16958141518696,0.0383575848458157,0.0562944767532773,0.0601341867939117,0.0290540530150591,0.145447252413421,0.0693207408970565,0.059228748603849,0.0719955845309473,-0.0453484708206483,0.00884306403845342,0.0457765726887346,0.0673455796703908,0.110063055733216,0.00283427860095493,0.068467698656047,0.10654967275681,0.00517758244897915,-0.153178074547701,0.0881939383249006,0.0454962345784401,0.120154447799516,0.0590307618736239,0.0944575714855449,0.0540355669069481,0.0595371713032006,0.0178710940534171,0.0453793717020754,0.074930307987457,-0.0160860058115916,-0.0154167497133324,0.00549982950429872,0.0240284984640634,-0.0300969526699513,0.0192217263406643,0.0122988556598335,0.100662524241962,0.0244234960877182,0.0196430123091397,0.0217293344422765,-0.0189571186690857,0.0170791772305755,0.079375883649436,0.0157434279130578,0.0896474559919756,0.10922284034705,0.047980176887187,0.0877001975844866,0.108077402830727,0.00522781574455341,0.110591287768491,0.130270401045299,0.117417815983432,0.13788048473607,-0.432812283054043,0.97774178692832,1
